month,daytype,segment_id,direction_id,hour,actual,pred
1.0,0.0,0.0,0.0,0.0,97.0,87.45124
1.0,0.0,0.0,0.0,1.0,91.0,87.36797
1.0,0.0,0.0,0.0,2.0,84.0,86.59815
1.0,0.0,0.0,0.0,3.0,82.0,83.96189
1.0,0.0,0.0,0.0,4.0,85.0,82.06967
1.0,0.0,0.0,0.0,5.0,93.0,81.235245
1.0,0.0,0.0,0.0,6.0,87.0,80.83661
1.0,0.0,0.0,0.0,7.0,80.0,80.6351
1.0,0.0,0.0,0.0,8.0,78.0,80.43213
1.0,0.0,0.0,0.0,9.0,82.0,80.31549
1.0,0.0,0.0,0.0,10.0,74.0,80.16904
1.0,0.0,0.0,0.0,11.0,82.0,80.05133
1.0,0.0,0.0,0.0,12.0,90.0,79.93316
1.0,0.0,0.0,0.0,13.0,89.0,79.84422
1.0,0.0,0.0,0.0,14.0,87.0,79.72521
1.0,0.0,0.0,0.0,15.0,86.0,79.755005
1.0,0.0,0.0,0.0,16.0,83.0,79.57579
1.0,0.0,0.0,0.0,17.0,79.0,79.57579
1.0,0.0,0.0,0.0,18.0,83.0,79.51582
1.0,0.0,0.0,0.0,19.0,84.0,79.51582
1.0,0.0,0.0,0.0,20.0,91.0,79.425644
1.0,0.0,0.0,0.0,21.0,93.0,79.335205
1.0,0.0,0.0,0.0,22.0,95.0,79.305
1.0,0.0,0.0,0.0,23.0,97.0,79.18388
1.0,0.0,1.0,0.0,0.0,97.0,88.29857
1.0,0.0,1.0,0.0,1.0,91.0,88.60859
1.0,0.0,1.0,0.0,2.0,86.0,86.944855
1.0,0.0,1.0,0.0,3.0,79.0,84.06245
1.0,0.0,1.0,0.0,4.0,74.0,81.90495
1.0,0.0,1.0,0.0,5.0,93.0,80.72164
1.0,0.0,1.0,0.0,6.0,88.0,80.021835
1.0,0.0,1.0,0.0,7.0,79.0,79.66554
1.0,0.0,1.0,0.0,8.0,79.0,79.485794
1.0,0.0,1.0,0.0,9.0,77.0,79.305
1.0,0.0,1.0,0.0,10.0,69.0,79.24451
1.0,0.0,1.0,0.0,11.0,76.0,79.09274
1.0,0.0,1.0,0.0,12.0,87.0,79.18388
1.0,0.0,1.0,0.0,13.0,88.0,79.09274
1.0,0.0,1.0,0.0,14.0,83.0,79.09274
1.0,0.0,1.0,0.0,15.0,81.0,79.031845
1.0,0.0,1.0,0.0,16.0,78.0,79.031845
1.0,0.0,1.0,0.0,17.0,68.0,79.031845
1.0,0.0,1.0,0.0,18.0,77.0,78.90968
1.0,0.0,1.0,0.0,19.0,84.0,78.97081
1.0,0.0,1.0,0.0,20.0,92.0,78.87906
1.0,0.0,1.0,0.0,21.0,95.0,78.87906
1.0,0.0,1.0,0.0,22.0,98.0,78.94026
1.0,0.0,1.0,0.0,23.0,100.0,78.84842
1.0,0.0,2.0,0.0,0.0,98.0,87.40966
1.0,0.0,2.0,0.0,1.0,93.0,88.21996
1.0,0.0,2.0,0.0,2.0,86.0,86.51032
1.0,0.0,2.0,0.0,3.0,79.0,84.11255
1.0,0.0,2.0,0.0,4.0,79.0,82.233315
1.0,0.0,2.0,0.0,5.0,93.0,80.951096
1.0,0.0,2.0,0.0,6.0,89.0,80.0808
1.0,0.0,2.0,0.0,7.0,78.0,79.66554
1.0,0.0,2.0,0.0,8.0,77.0,79.24451
1.0,0.0,2.0,0.0,9.0,77.0,79.031845
1.0,0.0,2.0,0.0,10.0,68.0,78.81775
1.0,0.0,2.0,0.0,11.0,66.0,78.78705
1.0,0.0,2.0,0.0,12.0,88.0,78.66396
1.0,0.0,2.0,0.0,13.0,89.0,78.66396
1.0,0.0,2.0,0.0,14.0,84.0,78.60224
1.0,0.0,2.0,0.0,15.0,82.0,78.63312
1.0,0.0,2.0,0.0,16.0,77.0,78.63312
1.0,0.0,2.0,0.0,17.0,54.0,78.63312
1.0,0.0,2.0,0.0,18.0,49.0,78.60224
1.0,0.0,2.0,0.0,19.0,81.0,78.540405
1.0,0.0,2.0,0.0,20.0,91.0,78.60224
1.0,0.0,2.0,0.0,21.0,95.0,78.571335
1.0,0.0,2.0,0.0,22.0,98.0,78.540405
1.0,0.0,2.0,0.0,23.0,100.0,78.540405
1.0,0.0,3.0,0.0,0.0,99.0,87.45124
1.0,0.0,3.0,0.0,1.0,93.0,87.981544
1.0,0.0,3.0,0.0,2.0,91.0,86.72902
1.0,0.0,3.0,0.0,3.0,87.0,84.704414
1.0,0.0,3.0,0.0,4.0,85.0,82.87705
1.0,0.0,3.0,0.0,5.0,93.0,81.57225
1.0,0.0,3.0,0.0,6.0,89.0,80.548294
1.0,0.0,3.0,0.0,7.0,78.0,79.903534
1.0,0.0,3.0,0.0,8.0,77.0,79.425644
1.0,0.0,3.0,0.0,9.0,78.0,79.031845
1.0,0.0,3.0,0.0,10.0,67.0,78.90968
1.0,0.0,3.0,0.0,11.0,60.0,78.69478
1.0,0.0,3.0,0.0,12.0,89.0,78.571335
1.0,0.0,3.0,0.0,13.0,90.0,78.38532
1.0,0.0,3.0,0.0,14.0,86.0,78.44745
1.0,0.0,3.0,0.0,15.0,82.0,78.4164
1.0,0.0,3.0,0.0,16.0,78.0,78.32308
1.0,0.0,3.0,0.0,17.0,46.0,78.32308
1.0,0.0,3.0,0.0,18.0,44.0,78.35422
1.0,0.0,3.0,0.0,19.0,85.0,78.229515
1.0,0.0,3.0,0.0,20.0,92.0,78.29192
1.0,0.0,3.0,0.0,21.0,95.0,78.29192
1.0,0.0,3.0,0.0,22.0,98.0,78.29192
1.0,0.0,3.0,0.0,23.0,100.0,78.29192
1.0,1.0,0.0,0.0,0.0,96.0,87.36797
1.0,1.0,0.0,0.0,1.0,96.0,87.53406
1.0,1.0,0.0,0.0,2.0,94.0,86.68551
1.0,1.0,0.0,0.0,3.0,90.0,83.55486
1.0,1.0,0.0,0.0,4.0,88.0,81.79454
1.0,1.0,0.0,0.0,5.0,95.0,81.06512
1.0,1.0,0.0,0.0,6.0,91.0,80.66398
1.0,1.0,0.0,0.0,7.0,90.0,80.43213
1.0,1.0,0.0,0.0,8.0,92.0,80.198395
1.0,1.0,0.0,0.0,9.0,90.0,80.0808
1.0,1.0,0.0,0.0,10.0,80.0,80.021835
1.0,1.0,0.0,0.0,11.0,59.0,79.903534
1.0,1.0,0.0,0.0,12.0,75.0,79.814514
1.0,1.0,0.0,0.0,13.0,69.0,79.784775
1.0,1.0,0.0,0.0,14.0,57.0,79.66554
1.0,1.0,0.0,0.0,15.0,84.0,79.57579
1.0,1.0,0.0,0.0,16.0,78.0,79.60574
1.0,1.0,0.0,0.0,17.0,74.0,79.54582
1.0,1.0,0.0,0.0,18.0,62.0,79.485794
1.0,1.0,0.0,0.0,19.0,92.0,79.455734
1.0,1.0,0.0,0.0,20.0,93.0,79.39553
1.0,1.0,0.0,0.0,21.0,95.0,79.39553
1.0,1.0,0.0,0.0,22.0,95.0,79.21422
1.0,1.0,0.0,0.0,23.0,97.0,79.21422
1.0,1.0,1.0,0.0,0.0,100.0,88.02155
1.0,1.0,1.0,0.0,1.0,98.0,88.061455
1.0,1.0,1.0,0.0,2.0,95.0,86.641884
1.0,1.0,1.0,0.0,3.0,88.0,84.06245
1.0,1.0,1.0,0.0,4.0,88.0,82.06967
1.0,1.0,1.0,0.0,5.0,99.0,80.89391
1.0,1.0,1.0,0.0,6.0,94.0,80.31549
1.0,1.0,1.0,0.0,7.0,90.0,79.962746
1.0,1.0,1.0,0.0,8.0,92.0,79.72521
1.0,1.0,1.0,0.0,9.0,88.0,79.54582
1.0,1.0,1.0,0.0,10.0,69.0,79.36539
1.0,1.0,1.0,0.0,11.0,37.0,79.36539
1.0,1.0,1.0,0.0,12.0,38.0,79.24451
1.0,1.0,1.0,0.0,13.0,53.0,79.18388
1.0,1.0,1.0,0.0,14.0,73.0,79.153534
1.0,1.0,1.0,0.0,15.0,66.0,79.153534
1.0,1.0,1.0,0.0,16.0,70.0,79.12315
1.0,1.0,1.0,0.0,17.0,81.0,79.06231
1.0,1.0,1.0,0.0,18.0,72.0,79.06231
1.0,1.0,1.0,0.0,19.0,91.0,79.00134
1.0,1.0,1.0,0.0,20.0,93.0,78.97081
1.0,1.0,1.0,0.0,21.0,96.0,78.97081
1.0,1.0,1.0,0.0,22.0,98.0,78.90968
1.0,1.0,1.0,0.0,23.0,100.0,78.94026
1.0,1.0,2.0,0.0,0.0,100.0,87.65743
1.0,1.0,2.0,0.0,1.0,99.0,88.061455
1.0,1.0,2.0,0.0,2.0,98.0,86.772415
1.0,1.0,2.0,0.0,3.0,92.0,84.60696
1.0,1.0,2.0,0.0,4.0,91.0,82.92991
1.0,1.0,2.0,0.0,5.0,99.0,81.51639
1.0,1.0,2.0,0.0,6.0,95.0,80.606186
1.0,1.0,2.0,0.0,7.0,92.0,80.021835
1.0,1.0,2.0,0.0,8.0,91.0,79.66554
1.0,1.0,2.0,0.0,9.0,84.0,79.39553
1.0,1.0,2.0,0.0,10.0,45.0,79.18388
1.0,1.0,2.0,0.0,11.0,26.0,79.06231
1.0,1.0,2.0,0.0,12.0,26.0,78.97081
1.0,1.0,2.0,0.0,13.0,30.0,78.94026
1.0,1.0,2.0,0.0,14.0,38.0,78.78705
1.0,1.0,2.0,0.0,15.0,31.0,78.78705
1.0,1.0,2.0,0.0,16.0,32.0,78.756325
1.0,1.0,2.0,0.0,17.0,46.0,78.756325
1.0,1.0,2.0,0.0,18.0,52.0,78.69478
1.0,1.0,2.0,0.0,19.0,79.0,78.69478
1.0,1.0,2.0,0.0,20.0,95.0,78.66396
1.0,1.0,2.0,0.0,21.0,96.0,78.69478
1.0,1.0,2.0,0.0,22.0,98.0,78.60224
1.0,1.0,2.0,0.0,23.0,100.0,78.63312
1.0,1.0,3.0,0.0,0.0,100.0,87.45124
1.0,1.0,3.0,0.0,1.0,100.0,87.941414
1.0,1.0,3.0,0.0,2.0,99.0,86.8157
1.0,1.0,3.0,0.0,3.0,95.0,85.18453
1.0,1.0,3.0,0.0,4.0,94.0,83.55486
1.0,1.0,3.0,0.0,5.0,103.0,82.12434
1.0,1.0,3.0,0.0,6.0,96.0,81.06512
1.0,1.0,3.0,0.0,7.0,94.0,80.31549
1.0,1.0,3.0,0.0,8.0,91.0,79.84422
1.0,1.0,3.0,0.0,9.0,71.0,79.54582
1.0,1.0,3.0,0.0,10.0,33.0,79.18388
1.0,1.0,3.0,0.0,11.0,20.0,79.031845
1.0,1.0,3.0,0.0,12.0,20.0,78.87906
1.0,1.0,3.0,0.0,13.0,21.0,78.78705
1.0,1.0,3.0,0.0,14.0,26.0,78.72556
1.0,1.0,3.0,0.0,15.0,20.0,78.60224
1.0,1.0,3.0,0.0,16.0,20.0,78.571335
1.0,1.0,3.0,0.0,17.0,27.0,78.509445
1.0,1.0,3.0,0.0,18.0,41.0,78.47846
1.0,1.0,3.0,0.0,19.0,73.0,78.44745
1.0,1.0,3.0,0.0,20.0,96.0,78.47846
1.0,1.0,3.0,0.0,21.0,96.0,78.38532
1.0,1.0,3.0,0.0,22.0,98.0,78.4164
1.0,1.0,3.0,0.0,23.0,100.0,78.38532
2.0,0.0,0.0,0.0,0.0,96.0,87.65743
2.0,0.0,0.0,0.0,1.0,93.0,87.981544
2.0,0.0,0.0,0.0,2.0,87.0,87.03038
2.0,0.0,0.0,0.0,3.0,84.0,84.41063
2.0,0.0,0.0,0.0,4.0,85.0,82.341805
2.0,0.0,0.0,0.0,5.0,92.0,81.235245
2.0,0.0,0.0,0.0,6.0,87.0,80.606186
2.0,0.0,0.0,0.0,7.0,82.0,80.139656
2.0,0.0,0.0,0.0,8.0,78.0,79.87389
2.0,0.0,0.0,0.0,9.0,82.0,79.72521
2.0,0.0,0.0,0.0,10.0,71.0,79.51582
2.0,0.0,0.0,0.0,11.0,54.0,79.425644
2.0,0.0,0.0,0.0,12.0,87.0,79.39553
2.0,0.0,0.0,0.0,13.0,87.0,79.39553
2.0,0.0,0.0,0.0,14.0,85.0,79.335205
2.0,0.0,0.0,0.0,15.0,85.0,79.21422
2.0,0.0,0.0,0.0,16.0,72.0,79.153534
2.0,0.0,0.0,0.0,17.0,77.0,79.12315
2.0,0.0,0.0,0.0,18.0,82.0,79.09274
2.0,0.0,0.0,0.0,19.0,80.0,79.09274
2.0,0.0,0.0,0.0,20.0,90.0,79.06231
2.0,0.0,0.0,0.0,21.0,93.0,79.031845
2.0,0.0,0.0,0.0,22.0,96.0,79.09274
2.0,0.0,0.0,0.0,23.0,97.0,78.97081
2.0,0.0,1.0,0.0,0.0,99.0,88.454445
2.0,0.0,1.0,0.0,1.0,94.0,88.68501
2.0,0.0,1.0,0.0,2.0,83.0,87.242226
2.0,0.0,1.0,0.0,3.0,83.0,84.311745
2.0,0.0,1.0,0.0,4.0,76.0,82.12434
2.0,0.0,1.0,0.0,5.0,93.0,80.89391
2.0,0.0,1.0,0.0,6.0,89.0,80.139656
2.0,0.0,1.0,0.0,7.0,80.0,79.60574
2.0,0.0,1.0,0.0,8.0,78.0,79.36539
2.0,0.0,1.0,0.0,9.0,77.0,79.12315
2.0,0.0,1.0,0.0,10.0,71.0,79.00134
2.0,0.0,1.0,0.0,11.0,69.0,78.84842
2.0,0.0,1.0,0.0,12.0,84.0,78.756325
2.0,0.0,1.0,0.0,13.0,84.0,78.66396
2.0,0.0,1.0,0.0,14.0,80.0,78.69478
2.0,0.0,1.0,0.0,15.0,78.0,78.66396
2.0,0.0,1.0,0.0,16.0,73.0,78.66396
2.0,0.0,1.0,0.0,17.0,51.0,78.66396
2.0,0.0,1.0,0.0,18.0,76.0,78.66396
2.0,0.0,1.0,0.0,19.0,83.0,78.60224
2.0,0.0,1.0,0.0,20.0,90.0,78.66396
2.0,0.0,1.0,0.0,21.0,95.0,78.60224
2.0,0.0,1.0,0.0,22.0,98.0,78.60224
2.0,0.0,1.0,0.0,23.0,100.0,78.63312
2.0,0.0,2.0,0.0,0.0,100.0,88.10125
2.0,0.0,2.0,0.0,1.0,95.0,88.25932
2.0,0.0,2.0,0.0,2.0,85.0,87.03038
2.0,0.0,2.0,0.0,3.0,85.0,84.41063
2.0,0.0,2.0,0.0,4.0,79.0,82.44982
2.0,0.0,2.0,0.0,5.0,93.0,81.17865
2.0,0.0,2.0,0.0,6.0,89.0,80.257
2.0,0.0,2.0,0.0,7.0,80.0,79.72521
2.0,0.0,2.0,0.0,8.0,65.0,79.305
2.0,0.0,2.0,0.0,9.0,76.0,79.00134
2.0,0.0,2.0,0.0,10.0,74.0,78.81775
2.0,0.0,2.0,0.0,11.0,61.0,78.63312
2.0,0.0,2.0,0.0,12.0,78.0,78.571335
2.0,0.0,2.0,0.0,13.0,85.0,78.4164
2.0,0.0,2.0,0.0,14.0,81.0,78.35422
2.0,0.0,2.0,0.0,15.0,64.0,78.38532
2.0,0.0,2.0,0.0,16.0,53.0,78.32308
2.0,0.0,2.0,0.0,17.0,32.0,78.29192
2.0,0.0,2.0,0.0,18.0,36.0,78.29192
2.0,0.0,2.0,0.0,19.0,78.0,78.32308
2.0,0.0,2.0,0.0,20.0,90.0,78.32308
2.0,0.0,2.0,0.0,21.0,94.0,78.29192
2.0,0.0,2.0,0.0,22.0,98.0,78.260735
2.0,0.0,2.0,0.0,23.0,100.0,78.32308
2.0,0.0,3.0,0.0,0.0,99.0,87.242226
2.0,0.0,3.0,0.0,1.0,95.0,88.061455
2.0,0.0,3.0,0.0,2.0,90.0,87.242226
2.0,0.0,3.0,0.0,3.0,90.0,85.089455
2.0,0.0,3.0,0.0,4.0,85.0,83.19241
2.0,0.0,3.0,0.0,5.0,94.0,81.79454
2.0,0.0,3.0,0.0,6.0,89.0,80.77919
2.0,0.0,3.0,0.0,7.0,81.0,80.0808
2.0,0.0,3.0,0.0,8.0,59.0,79.485794
2.0,0.0,3.0,0.0,9.0,76.0,79.18388
2.0,0.0,3.0,0.0,10.0,79.0,78.81775
2.0,0.0,3.0,0.0,11.0,59.0,78.756325
2.0,0.0,3.0,0.0,12.0,76.0,78.509445
2.0,0.0,3.0,0.0,13.0,86.0,78.4164
2.0,0.0,3.0,0.0,14.0,83.0,78.29192
2.0,0.0,3.0,0.0,15.0,58.0,78.229515
2.0,0.0,3.0,0.0,16.0,46.0,78.16699
2.0,0.0,3.0,0.0,17.0,27.0,78.19827
2.0,0.0,3.0,0.0,18.0,28.0,78.13569
2.0,0.0,3.0,0.0,19.0,73.0,78.104355
2.0,0.0,3.0,0.0,20.0,91.0,78.104355
2.0,0.0,3.0,0.0,21.0,94.0,78.104355
2.0,0.0,3.0,0.0,22.0,98.0,78.13569
2.0,0.0,3.0,0.0,23.0,99.0,78.104355
2.0,1.0,0.0,0.0,0.0,99.0,87.284256
2.0,1.0,0.0,0.0,1.0,96.0,88.49314
2.0,1.0,0.0,0.0,2.0,96.0,86.98767
2.0,1.0,0.0,0.0,3.0,90.0,84.361244
2.0,1.0,0.0,0.0,4.0,96.0,81.95998
2.0,1.0,0.0,0.0,5.0,97.0,80.951096
2.0,1.0,0.0,0.0,6.0,93.0,80.37388
2.0,1.0,0.0,0.0,7.0,76.0,80.021835
2.0,1.0,0.0,0.0,8.0,76.0,79.72521
2.0,1.0,0.0,0.0,9.0,93.0,79.63565
2.0,1.0,0.0,0.0,10.0,73.0,79.485794
2.0,1.0,0.0,0.0,11.0,33.0,79.39553
2.0,1.0,0.0,0.0,12.0,23.0,79.305
2.0,1.0,0.0,0.0,13.0,32.0,79.305
2.0,1.0,0.0,0.0,14.0,46.0,79.24451
2.0,1.0,0.0,0.0,15.0,55.0,79.21422
2.0,1.0,0.0,0.0,16.0,64.0,79.18388
2.0,1.0,0.0,0.0,17.0,66.0,79.12315
2.0,1.0,0.0,0.0,18.0,84.0,79.153534
2.0,1.0,0.0,0.0,19.0,88.0,79.09274
2.0,1.0,0.0,0.0,20.0,88.0,79.031845
2.0,1.0,0.0,0.0,21.0,88.0,79.031845
2.0,1.0,0.0,0.0,22.0,89.0,79.031845
2.0,1.0,0.0,0.0,23.0,93.0,78.97081
2.0,1.0,1.0,0.0,0.0,100.0,88.41564
2.0,1.0,1.0,0.0,1.0,100.0,88.376724
2.0,1.0,1.0,0.0,2.0,100.0,86.98767
2.0,1.0,1.0,0.0,3.0,99.0,84.704414
2.0,1.0,1.0,0.0,4.0,99.0,82.233315
2.0,1.0,1.0,0.0,5.0,100.0,81.00817
2.0,1.0,1.0,0.0,6.0,95.0,80.257
2.0,1.0,1.0,0.0,7.0,75.0,79.784775
2.0,1.0,1.0,0.0,8.0,58.0,79.54582
2.0,1.0,1.0,0.0,9.0,92.0,79.36539
2.0,1.0,1.0,0.0,10.0,74.0,79.09274
2.0,1.0,1.0,0.0,11.0,46.0,79.00134
2.0,1.0,1.0,0.0,12.0,25.0,78.94026
2.0,1.0,1.0,0.0,13.0,15.0,78.81775
2.0,1.0,1.0,0.0,14.0,18.0,78.756325
2.0,1.0,1.0,0.0,15.0,16.0,78.78705
2.0,1.0,1.0,0.0,16.0,18.0,78.72556
2.0,1.0,1.0,0.0,17.0,22.0,78.78705
2.0,1.0,1.0,0.0,18.0,67.0,78.69478
2.0,1.0,1.0,0.0,19.0,82.0,78.72556
2.0,1.0,1.0,0.0,20.0,82.0,78.72556
2.0,1.0,1.0,0.0,21.0,81.0,78.66396
2.0,1.0,1.0,0.0,22.0,85.0,78.63312
2.0,1.0,1.0,0.0,23.0,92.0,78.66396
2.0,1.0,2.0,0.0,0.0,100.0,87.65743
2.0,1.0,2.0,0.0,1.0,100.0,88.14093
2.0,1.0,2.0,0.0,2.0,100.0,87.242226
2.0,1.0,2.0,0.0,3.0,99.0,85.04174
2.0,1.0,2.0,0.0,4.0,100.0,83.087776
2.0,1.0,2.0,0.0,5.0,100.0,81.57225
2.0,1.0,2.0,0.0,6.0,95.0,80.72164
2.0,1.0,2.0,0.0,7.0,70.0,80.021835
2.0,1.0,2.0,0.0,8.0,35.0,79.60574
2.0,1.0,2.0,0.0,9.0,71.0,79.305
2.0,1.0,2.0,0.0,10.0,66.0,79.031845
2.0,1.0,2.0,0.0,11.0,31.0,78.94026
2.0,1.0,2.0,0.0,12.0,22.0,78.756325
2.0,1.0,2.0,0.0,13.0,17.0,78.63312
2.0,1.0,2.0,0.0,14.0,19.0,78.571335
2.0,1.0,2.0,0.0,15.0,18.0,78.540405
2.0,1.0,2.0,0.0,16.0,19.0,78.44745
2.0,1.0,2.0,0.0,17.0,21.0,78.47846
2.0,1.0,2.0,0.0,18.0,39.0,78.44745
2.0,1.0,2.0,0.0,19.0,83.0,78.4164
2.0,1.0,2.0,0.0,20.0,83.0,78.4164
2.0,1.0,2.0,0.0,21.0,83.0,78.44745
2.0,1.0,2.0,0.0,22.0,86.0,78.44745
2.0,1.0,2.0,0.0,23.0,93.0,78.4164
2.0,1.0,3.0,0.0,0.0,100.0,87.07298
2.0,1.0,3.0,0.0,1.0,100.0,87.82037
2.0,1.0,3.0,0.0,2.0,99.0,87.36797
2.0,1.0,3.0,0.0,3.0,99.0,85.37327
2.0,1.0,3.0,0.0,4.0,99.0,83.81016
2.0,1.0,3.0,0.0,5.0,100.0,82.28762
2.0,1.0,3.0,0.0,6.0,96.0,81.17865
2.0,1.0,3.0,0.0,7.0,69.0,80.43213
2.0,1.0,3.0,0.0,8.0,30.0,79.903534
2.0,1.0,3.0,0.0,9.0,65.0,79.485794
2.0,1.0,3.0,0.0,10.0,62.0,79.24451
2.0,1.0,3.0,0.0,11.0,28.0,78.97081
2.0,1.0,3.0,0.0,12.0,23.0,78.81775
2.0,1.0,3.0,0.0,13.0,23.0,78.69478
2.0,1.0,3.0,0.0,14.0,25.0,78.60224
2.0,1.0,3.0,0.0,15.0,25.0,78.4164
2.0,1.0,3.0,0.0,16.0,24.0,78.4164
2.0,1.0,3.0,0.0,17.0,25.0,78.4164
2.0,1.0,3.0,0.0,18.0,32.0,78.29192
2.0,1.0,3.0,0.0,19.0,83.0,78.32308
2.0,1.0,3.0,0.0,20.0,85.0,78.32308
2.0,1.0,3.0,0.0,21.0,85.0,78.229515
2.0,1.0,3.0,0.0,22.0,88.0,78.19827
2.0,1.0,3.0,0.0,23.0,95.0,78.229515
3.0,0.0,0.0,0.0,0.0,95.0,87.61642
3.0,0.0,0.0,0.0,1.0,90.0,88.10125
3.0,0.0,0.0,0.0,2.0,88.0,87.69833
3.0,0.0,0.0,0.0,3.0,84.0,85.37327
3.0,0.0,0.0,0.0,4.0,84.0,83.24455
3.0,0.0,0.0,0.0,5.0,92.0,81.73914
3.0,0.0,0.0,0.0,6.0,85.0,80.89391
3.0,0.0,0.0,0.0,7.0,72.0,80.257
3.0,0.0,0.0,0.0,8.0,30.0,79.903534
3.0,0.0,0.0,0.0,9.0,51.0,79.57579
3.0,0.0,0.0,0.0,10.0,65.0,79.425644
3.0,0.0,0.0,0.0,11.0,81.0,79.274765
3.0,0.0,0.0,0.0,12.0,87.0,79.153534
3.0,0.0,0.0,0.0,13.0,88.0,79.09274
3.0,0.0,0.0,0.0,14.0,84.0,78.90968
3.0,0.0,0.0,0.0,15.0,85.0,78.94026
3.0,0.0,0.0,0.0,16.0,80.0,78.94026
3.0,0.0,0.0,0.0,17.0,63.0,78.84842
3.0,0.0,0.0,0.0,18.0,65.0,78.81775
3.0,0.0,0.0,0.0,19.0,80.0,78.78705
3.0,0.0,0.0,0.0,20.0,89.0,78.81775
3.0,0.0,0.0,0.0,21.0,91.0,78.84842
3.0,0.0,0.0,0.0,22.0,92.0,78.78705
3.0,0.0,0.0,0.0,23.0,95.0,78.66396
3.0,0.0,1.0,0.0,0.0,100.0,88.454445
3.0,0.0,1.0,0.0,1.0,99.0,88.53173
3.0,0.0,1.0,0.0,2.0,98.0,87.941414
3.0,0.0,1.0,0.0,3.0,95.0,85.04174
3.0,0.0,1.0,0.0,4.0,95.0,82.55735
3.0,0.0,1.0,0.0,5.0,99.0,81.17865
3.0,0.0,1.0,0.0,6.0,94.0,80.37388
3.0,0.0,1.0,0.0,7.0,80.0,79.72521
3.0,0.0,1.0,0.0,8.0,70.0,79.425644
3.0,0.0,1.0,0.0,9.0,67.0,79.12315
3.0,0.0,1.0,0.0,10.0,63.0,78.94026
3.0,0.0,1.0,0.0,11.0,84.0,78.756325
3.0,0.0,1.0,0.0,12.0,93.0,78.69478
3.0,0.0,1.0,0.0,13.0,90.0,78.540405
3.0,0.0,1.0,0.0,14.0,86.0,78.47846
3.0,0.0,1.0,0.0,15.0,88.0,78.44745
3.0,0.0,1.0,0.0,16.0,86.0,78.44745
3.0,0.0,1.0,0.0,17.0,82.0,78.4164
3.0,0.0,1.0,0.0,18.0,71.0,78.4164
3.0,0.0,1.0,0.0,19.0,88.0,78.4164
3.0,0.0,1.0,0.0,20.0,99.0,78.35422
3.0,0.0,1.0,0.0,21.0,99.0,78.4164
3.0,0.0,1.0,0.0,22.0,100.0,78.38532
3.0,0.0,1.0,0.0,23.0,100.0,78.35422
3.0,0.0,2.0,0.0,0.0,99.0,88.57022
3.0,0.0,2.0,0.0,1.0,95.0,88.376724
3.0,0.0,2.0,0.0,2.0,95.0,87.73912
3.0,0.0,2.0,0.0,3.0,91.0,85.18453
3.0,0.0,2.0,0.0,4.0,92.0,82.824066
3.0,0.0,2.0,0.0,5.0,97.0,81.40429
3.0,0.0,2.0,0.0,6.0,90.0,80.49027
3.0,0.0,2.0,0.0,7.0,88.0,79.84422
3.0,0.0,2.0,0.0,8.0,86.0,79.425644
3.0,0.0,2.0,0.0,9.0,70.0,79.12315
3.0,0.0,2.0,0.0,10.0,34.0,78.87906
3.0,0.0,2.0,0.0,11.0,42.0,78.69478
3.0,0.0,2.0,0.0,12.0,91.0,78.509445
3.0,0.0,2.0,0.0,13.0,89.0,78.32308
3.0,0.0,2.0,0.0,14.0,88.0,78.32308
3.0,0.0,2.0,0.0,15.0,86.0,78.260735
3.0,0.0,2.0,0.0,16.0,89.0,78.19827
3.0,0.0,2.0,0.0,17.0,82.0,78.19827
3.0,0.0,2.0,0.0,18.0,64.0,78.16699
3.0,0.0,2.0,0.0,19.0,78.0,78.104355
3.0,0.0,2.0,0.0,20.0,94.0,78.13569
3.0,0.0,2.0,0.0,21.0,97.0,78.13569
3.0,0.0,2.0,0.0,22.0,98.0,78.104355
3.0,0.0,2.0,0.0,23.0,100.0,78.13569
3.0,0.0,3.0,0.0,0.0,99.0,87.53406
3.0,0.0,3.0,0.0,1.0,93.0,87.941414
3.0,0.0,3.0,0.0,2.0,93.0,87.69833
3.0,0.0,3.0,0.0,3.0,92.0,85.699005
3.0,0.0,3.0,0.0,4.0,92.0,83.503456
3.0,0.0,3.0,0.0,5.0,97.0,82.014885
3.0,0.0,3.0,0.0,6.0,89.0,81.00817
3.0,0.0,3.0,0.0,7.0,84.0,80.198395
3.0,0.0,3.0,0.0,8.0,85.0,79.66554
3.0,0.0,3.0,0.0,9.0,50.0,79.36539
3.0,0.0,3.0,0.0,10.0,50.0,78.94026
3.0,0.0,3.0,0.0,11.0,50.0,78.78705
3.0,0.0,3.0,0.0,12.0,88.0,78.571335
3.0,0.0,3.0,0.0,13.0,92.0,78.4164
3.0,0.0,3.0,0.0,14.0,90.0,78.29192
3.0,0.0,3.0,0.0,15.0,90.0,78.260735
3.0,0.0,3.0,0.0,16.0,91.0,78.104355
3.0,0.0,3.0,0.0,17.0,48.0,78.073
3.0,0.0,3.0,0.0,18.0,35.0,78.04161
3.0,0.0,3.0,0.0,19.0,56.0,78.010185
3.0,0.0,3.0,0.0,20.0,92.0,78.010185
3.0,0.0,3.0,0.0,21.0,95.0,77.97874
3.0,0.0,3.0,0.0,22.0,96.0,77.947266
3.0,0.0,3.0,0.0,23.0,99.0,77.91576
3.0,1.0,0.0,0.0,0.0,97.0,87.65743
3.0,1.0,0.0,0.0,1.0,97.0,88.41564
3.0,1.0,0.0,0.0,2.0,95.0,87.73912
3.0,1.0,0.0,0.0,3.0,91.0,85.27914
3.0,1.0,0.0,0.0,4.0,89.0,82.92991
3.0,1.0,0.0,0.0,5.0,95.0,81.34806
3.0,1.0,0.0,0.0,6.0,93.0,80.606186
3.0,1.0,0.0,0.0,7.0,95.0,80.139656
3.0,1.0,0.0,0.0,8.0,93.0,79.72521
3.0,1.0,0.0,0.0,9.0,88.0,79.485794
3.0,1.0,0.0,0.0,10.0,80.0,79.305
3.0,1.0,0.0,0.0,11.0,62.0,79.21422
3.0,1.0,0.0,0.0,12.0,43.0,79.12315
3.0,1.0,0.0,0.0,13.0,62.0,79.00134
3.0,1.0,0.0,0.0,14.0,55.0,78.94026
3.0,1.0,0.0,0.0,15.0,73.0,78.87906
3.0,1.0,0.0,0.0,16.0,73.0,78.87906
3.0,1.0,0.0,0.0,17.0,73.0,78.87906
3.0,1.0,0.0,0.0,18.0,91.0,78.756325
3.0,1.0,0.0,0.0,19.0,88.0,78.78705
3.0,1.0,0.0,0.0,20.0,91.0,78.81775
3.0,1.0,0.0,0.0,21.0,93.0,78.78705
3.0,1.0,0.0,0.0,22.0,95.0,78.78705
3.0,1.0,0.0,0.0,23.0,97.0,78.78705
3.0,1.0,1.0,0.0,0.0,100.0,88.53173
3.0,1.0,1.0,0.0,1.0,99.0,88.41564
3.0,1.0,1.0,0.0,2.0,97.0,87.575294
3.0,1.0,1.0,0.0,3.0,89.0,85.46692
3.0,1.0,1.0,0.0,4.0,88.0,82.770966
3.0,1.0,1.0,0.0,5.0,98.0,81.235245
3.0,1.0,1.0,0.0,6.0,96.0,80.43213
3.0,1.0,1.0,0.0,7.0,98.0,79.84422
3.0,1.0,1.0,0.0,8.0,93.0,79.54582
3.0,1.0,1.0,0.0,9.0,81.0,79.24451
3.0,1.0,1.0,0.0,10.0,65.0,79.031845
3.0,1.0,1.0,0.0,11.0,41.0,78.94026
3.0,1.0,1.0,0.0,12.0,18.0,78.81775
3.0,1.0,1.0,0.0,13.0,22.0,78.63312
3.0,1.0,1.0,0.0,14.0,23.0,78.571335
3.0,1.0,1.0,0.0,15.0,35.0,78.60224
3.0,1.0,1.0,0.0,16.0,34.0,78.509445
3.0,1.0,1.0,0.0,17.0,46.0,78.47846
3.0,1.0,1.0,0.0,18.0,88.0,78.44745
3.0,1.0,1.0,0.0,19.0,85.0,78.47846
3.0,1.0,1.0,0.0,20.0,90.0,78.44745
3.0,1.0,1.0,0.0,21.0,92.0,78.44745
3.0,1.0,1.0,0.0,22.0,97.0,78.47846
3.0,1.0,1.0,0.0,23.0,99.0,78.4164
3.0,1.0,2.0,0.0,0.0,100.0,88.061455
3.0,1.0,2.0,0.0,1.0,99.0,88.02155
3.0,1.0,2.0,0.0,2.0,97.0,87.77981
3.0,1.0,2.0,0.0,3.0,92.0,85.97364
3.0,1.0,2.0,0.0,4.0,90.0,83.400246
3.0,1.0,2.0,0.0,5.0,98.0,81.79454
3.0,1.0,2.0,0.0,6.0,96.0,80.77919
3.0,1.0,2.0,0.0,7.0,98.0,80.198395
3.0,1.0,2.0,0.0,8.0,95.0,79.60574
3.0,1.0,2.0,0.0,9.0,82.0,79.36539
3.0,1.0,2.0,0.0,10.0,44.0,79.12315
3.0,1.0,2.0,0.0,11.0,31.0,78.90968
3.0,1.0,2.0,0.0,12.0,17.0,78.69478
3.0,1.0,2.0,0.0,13.0,20.0,78.63312
3.0,1.0,2.0,0.0,14.0,22.0,78.509445
3.0,1.0,2.0,0.0,15.0,24.0,78.4164
3.0,1.0,2.0,0.0,16.0,26.0,78.4164
3.0,1.0,2.0,0.0,17.0,29.0,78.38532
3.0,1.0,2.0,0.0,18.0,63.0,78.32308
3.0,1.0,2.0,0.0,19.0,86.0,78.229515
3.0,1.0,2.0,0.0,20.0,91.0,78.29192
3.0,1.0,2.0,0.0,21.0,93.0,78.19827
3.0,1.0,2.0,0.0,22.0,98.0,78.229515
3.0,1.0,2.0,0.0,23.0,100.0,78.260735
3.0,1.0,3.0,0.0,0.0,100.0,87.20009
3.0,1.0,3.0,0.0,1.0,99.0,87.69833
3.0,1.0,3.0,0.0,2.0,98.0,87.65743
3.0,1.0,3.0,0.0,3.0,95.0,86.10938
3.0,1.0,3.0,0.0,4.0,91.0,84.11255
3.0,1.0,3.0,0.0,5.0,98.0,82.50365
3.0,1.0,3.0,0.0,6.0,96.0,81.40429
3.0,1.0,3.0,0.0,7.0,98.0,80.49027
3.0,1.0,3.0,0.0,8.0,96.0,80.0808
3.0,1.0,3.0,0.0,9.0,82.0,79.60574
3.0,1.0,3.0,0.0,10.0,38.0,79.24451
3.0,1.0,3.0,0.0,11.0,28.0,78.94026
3.0,1.0,3.0,0.0,12.0,21.0,78.78705
3.0,1.0,3.0,0.0,13.0,23.0,78.60224
3.0,1.0,3.0,0.0,14.0,25.0,78.540405
3.0,1.0,3.0,0.0,15.0,29.0,78.44745
3.0,1.0,3.0,0.0,16.0,25.0,78.29192
3.0,1.0,3.0,0.0,17.0,26.0,78.29192
3.0,1.0,3.0,0.0,18.0,59.0,78.16699
3.0,1.0,3.0,0.0,19.0,88.0,78.229515
3.0,1.0,3.0,0.0,20.0,93.0,78.13569
3.0,1.0,3.0,0.0,21.0,95.0,78.104355
3.0,1.0,3.0,0.0,22.0,98.0,78.073
3.0,1.0,3.0,0.0,23.0,100.0,78.104355
4.0,0.0,0.0,0.0,0.0,88.0,87.65743
4.0,0.0,0.0,0.0,1.0,86.0,88.14093
4.0,0.0,0.0,0.0,2.0,82.0,87.73912
4.0,0.0,0.0,0.0,3.0,79.0,86.24407
4.0,0.0,0.0,0.0,4.0,80.0,84.41063
4.0,0.0,0.0,0.0,5.0,89.0,82.61093
4.0,0.0,0.0,0.0,6.0,85.0,81.460396
4.0,0.0,0.0,0.0,7.0,80.0,80.72164
4.0,0.0,0.0,0.0,8.0,79.0,80.139656
4.0,0.0,0.0,0.0,9.0,73.0,79.84422
4.0,0.0,0.0,0.0,10.0,64.0,79.54582
4.0,0.0,0.0,0.0,11.0,66.0,79.274765
4.0,0.0,0.0,0.0,12.0,81.0,79.09274
4.0,0.0,0.0,0.0,13.0,84.0,79.00134
4.0,0.0,0.0,0.0,14.0,83.0,78.94026
4.0,0.0,0.0,0.0,15.0,84.0,78.81775
4.0,0.0,0.0,0.0,16.0,79.0,78.72556
4.0,0.0,0.0,0.0,17.0,79.0,78.63312
4.0,0.0,0.0,0.0,18.0,86.0,78.69478
4.0,0.0,0.0,0.0,19.0,85.0,78.60224
4.0,0.0,0.0,0.0,20.0,90.0,78.63312
4.0,0.0,0.0,0.0,21.0,91.0,78.47846
4.0,0.0,0.0,0.0,22.0,94.0,78.60224
4.0,0.0,0.0,0.0,23.0,95.0,78.60224
4.0,0.0,1.0,0.0,0.0,89.0,88.33769
4.0,0.0,1.0,0.0,1.0,87.0,88.454445
4.0,0.0,1.0,0.0,2.0,77.0,88.14093
4.0,0.0,1.0,0.0,3.0,72.0,86.154396
4.0,0.0,1.0,0.0,4.0,70.0,83.45191
4.0,0.0,1.0,0.0,5.0,88.0,81.73914
4.0,0.0,1.0,0.0,6.0,85.0,80.72164
4.0,0.0,1.0,0.0,7.0,77.0,80.0808
4.0,0.0,1.0,0.0,8.0,72.0,79.60574
4.0,0.0,1.0,0.0,9.0,52.0,79.305
4.0,0.0,1.0,0.0,10.0,30.0,79.031845
4.0,0.0,1.0,0.0,11.0,27.0,78.78705
4.0,0.0,1.0,0.0,12.0,71.0,78.69478
4.0,0.0,1.0,0.0,13.0,83.0,78.571335
4.0,0.0,1.0,0.0,14.0,77.0,78.4164
4.0,0.0,1.0,0.0,15.0,82.0,78.38532
4.0,0.0,1.0,0.0,16.0,73.0,78.29192
4.0,0.0,1.0,0.0,17.0,76.0,78.29192
4.0,0.0,1.0,0.0,18.0,85.0,78.29192
4.0,0.0,1.0,0.0,19.0,83.0,78.29192
4.0,0.0,1.0,0.0,20.0,89.0,78.29192
4.0,0.0,1.0,0.0,21.0,93.0,78.29192
4.0,0.0,1.0,0.0,22.0,98.0,78.229515
4.0,0.0,1.0,0.0,23.0,99.0,78.229515
4.0,0.0,2.0,0.0,0.0,90.0,88.68501
4.0,0.0,2.0,0.0,1.0,89.0,88.49314
4.0,0.0,2.0,0.0,2.0,79.0,87.73912
4.0,0.0,2.0,0.0,3.0,77.0,86.24407
4.0,0.0,2.0,0.0,4.0,74.0,83.45191
4.0,0.0,2.0,0.0,5.0,89.0,81.73914
4.0,0.0,2.0,0.0,6.0,87.0,80.72164
4.0,0.0,2.0,0.0,7.0,64.0,80.0808
4.0,0.0,2.0,0.0,8.0,36.0,79.60574
4.0,0.0,2.0,0.0,9.0,32.0,79.305
4.0,0.0,2.0,0.0,10.0,24.0,79.00134
4.0,0.0,2.0,0.0,11.0,22.0,78.72556
4.0,0.0,2.0,0.0,12.0,36.0,78.540405
4.0,0.0,2.0,0.0,13.0,81.0,78.4164
4.0,0.0,2.0,0.0,14.0,70.0,78.32308
4.0,0.0,2.0,0.0,15.0,67.0,78.19827
4.0,0.0,2.0,0.0,16.0,65.0,78.16699
4.0,0.0,2.0,0.0,17.0,45.0,78.104355
4.0,0.0,2.0,0.0,18.0,53.0,78.16699
4.0,0.0,2.0,0.0,19.0,78.0,78.04161
4.0,0.0,2.0,0.0,20.0,89.0,78.04161
4.0,0.0,2.0,0.0,21.0,93.0,78.04161
4.0,0.0,2.0,0.0,22.0,53.0,78.010185
4.0,0.0,2.0,0.0,23.0,93.0,77.97874
4.0,0.0,3.0,0.0,0.0,90.0,87.941414
4.0,0.0,3.0,0.0,1.0,92.0,88.10125
4.0,0.0,3.0,0.0,2.0,85.0,87.65743
4.0,0.0,3.0,0.0,3.0,85.0,86.641884
4.0,0.0,3.0,0.0,4.0,81.0,83.96189
4.0,0.0,3.0,0.0,5.0,91.0,82.28762
4.0,0.0,3.0,0.0,6.0,88.0,81.17865
4.0,0.0,3.0,0.0,7.0,60.0,80.43213
4.0,0.0,3.0,0.0,8.0,28.0,79.84422
4.0,0.0,3.0,0.0,9.0,27.0,79.425644
4.0,0.0,3.0,0.0,10.0,24.0,79.12315
4.0,0.0,3.0,0.0,11.0,22.0,78.84842
4.0,0.0,3.0,0.0,12.0,28.0,78.66396
4.0,0.0,3.0,0.0,13.0,81.0,78.44745
4.0,0.0,3.0,0.0,14.0,66.0,78.35422
4.0,0.0,3.0,0.0,15.0,61.0,78.29192
4.0,0.0,3.0,0.0,16.0,64.0,78.16699
4.0,0.0,3.0,0.0,17.0,38.0,78.104355
4.0,0.0,3.0,0.0,18.0,44.0,78.04161
4.0,0.0,3.0,0.0,19.0,75.0,78.010185
4.0,0.0,3.0,0.0,20.0,90.0,77.91576
4.0,0.0,3.0,0.0,21.0,93.0,77.85266
4.0,0.0,3.0,0.0,22.0,43.0,77.85266
4.0,0.0,3.0,0.0,23.0,90.0,77.821075
4.0,1.0,0.0,0.0,0.0,97.0,87.77981
4.0,1.0,0.0,0.0,1.0,96.0,88.376724
4.0,1.0,0.0,0.0,2.0,93.0,88.10125
4.0,1.0,0.0,0.0,3.0,90.0,86.24407
4.0,1.0,0.0,0.0,4.0,92.0,84.16253
4.0,1.0,0.0,0.0,5.0,96.0,82.28762
4.0,1.0,0.0,0.0,6.0,92.0,81.12195
4.0,1.0,0.0,0.0,7.0,93.0,80.43213
4.0,1.0,0.0,0.0,8.0,89.0,79.962746
4.0,1.0,0.0,0.0,9.0,71.0,79.60574
4.0,1.0,0.0,0.0,10.0,64.0,79.36539
4.0,1.0,0.0,0.0,11.0,48.0,79.18388
4.0,1.0,0.0,0.0,12.0,56.0,79.06231
4.0,1.0,0.0,0.0,13.0,67.0,78.94026
4.0,1.0,0.0,0.0,14.0,70.0,78.81775
4.0,1.0,0.0,0.0,15.0,72.0,78.756325
4.0,1.0,0.0,0.0,16.0,73.0,78.72556
4.0,1.0,0.0,0.0,17.0,71.0,78.66396
4.0,1.0,0.0,0.0,18.0,67.0,78.63312
4.0,1.0,0.0,0.0,19.0,91.0,78.63312
4.0,1.0,0.0,0.0,20.0,89.0,78.63312
4.0,1.0,0.0,0.0,21.0,91.0,78.540405
4.0,1.0,0.0,0.0,22.0,93.0,78.60224
4.0,1.0,0.0,0.0,23.0,97.0,78.60224
4.0,1.0,1.0,0.0,0.0,99.0,88.49314
4.0,1.0,1.0,0.0,1.0,98.0,88.53173
4.0,1.0,1.0,0.0,2.0,94.0,87.901184
4.0,1.0,1.0,0.0,3.0,85.0,86.24407
4.0,1.0,1.0,0.0,4.0,91.0,83.759346
4.0,1.0,1.0,0.0,5.0,99.0,81.79454
4.0,1.0,1.0,0.0,6.0,94.0,80.66398
4.0,1.0,1.0,0.0,7.0,94.0,80.0808
4.0,1.0,1.0,0.0,8.0,85.0,79.60574
4.0,1.0,1.0,0.0,9.0,71.0,79.36539
4.0,1.0,1.0,0.0,10.0,51.0,79.12315
4.0,1.0,1.0,0.0,11.0,38.0,78.94026
4.0,1.0,1.0,0.0,12.0,24.0,78.756325
4.0,1.0,1.0,0.0,13.0,32.0,78.63312
4.0,1.0,1.0,0.0,14.0,35.0,78.540405
4.0,1.0,1.0,0.0,15.0,31.0,78.44745
4.0,1.0,1.0,0.0,16.0,38.0,78.47846
4.0,1.0,1.0,0.0,17.0,70.0,78.38532
4.0,1.0,1.0,0.0,18.0,76.0,78.4164
4.0,1.0,1.0,0.0,19.0,86.0,78.35422
4.0,1.0,1.0,0.0,20.0,85.0,78.29192
4.0,1.0,1.0,0.0,21.0,88.0,78.35422
4.0,1.0,1.0,0.0,22.0,94.0,78.32308
4.0,1.0,1.0,0.0,23.0,99.0,78.29192
4.0,1.0,2.0,0.0,0.0,100.0,88.29857
4.0,1.0,2.0,0.0,1.0,99.0,88.10125
4.0,1.0,2.0,0.0,2.0,94.0,87.65743
4.0,1.0,2.0,0.0,3.0,88.0,86.68551
4.0,1.0,2.0,0.0,4.0,92.0,84.26212
4.0,1.0,2.0,0.0,5.0,99.0,82.178894
4.0,1.0,2.0,0.0,6.0,93.0,81.06512
4.0,1.0,2.0,0.0,7.0,94.0,80.31549
4.0,1.0,2.0,0.0,8.0,85.0,79.784775
4.0,1.0,2.0,0.0,9.0,50.0,79.425644
4.0,1.0,2.0,0.0,10.0,31.0,79.12315
4.0,1.0,2.0,0.0,11.0,27.0,78.87906
4.0,1.0,2.0,0.0,12.0,21.0,78.756325
4.0,1.0,2.0,0.0,13.0,23.0,78.540405
4.0,1.0,2.0,0.0,14.0,24.0,78.47846
4.0,1.0,2.0,0.0,15.0,23.0,78.35422
4.0,1.0,2.0,0.0,16.0,26.0,78.32308
4.0,1.0,2.0,0.0,17.0,32.0,78.29192
4.0,1.0,2.0,0.0,18.0,38.0,78.229515
4.0,1.0,2.0,0.0,19.0,70.0,78.229515
4.0,1.0,2.0,0.0,20.0,87.0,78.16699
4.0,1.0,2.0,0.0,21.0,89.0,78.16699
4.0,1.0,2.0,0.0,22.0,95.0,78.073
4.0,1.0,2.0,0.0,23.0,99.0,78.104355
4.0,1.0,3.0,0.0,0.0,100.0,87.65743
4.0,1.0,3.0,0.0,1.0,99.0,87.901184
4.0,1.0,3.0,0.0,2.0,96.0,87.575294
4.0,1.0,3.0,0.0,3.0,92.0,86.98767
4.0,1.0,3.0,0.0,4.0,93.0,84.704414
4.0,1.0,3.0,0.0,5.0,100.0,82.770966
4.0,1.0,3.0,0.0,6.0,92.0,81.57225
4.0,1.0,3.0,0.0,7.0,94.0,80.72164
4.0,1.0,3.0,0.0,8.0,85.0,80.139656
4.0,1.0,3.0,0.0,9.0,42.0,79.72521
4.0,1.0,3.0,0.0,10.0,27.0,79.36539
4.0,1.0,3.0,0.0,11.0,25.0,79.06231
4.0,1.0,3.0,0.0,12.0,22.0,78.84842
4.0,1.0,3.0,0.0,13.0,21.0,78.66396
4.0,1.0,3.0,0.0,14.0,21.0,78.509445
4.0,1.0,3.0,0.0,15.0,22.0,78.35422
4.0,1.0,3.0,0.0,16.0,24.0,78.35422
4.0,1.0,3.0,0.0,17.0,25.0,78.229515
4.0,1.0,3.0,0.0,18.0,30.0,78.19827
4.0,1.0,3.0,0.0,19.0,66.0,78.104355
4.0,1.0,3.0,0.0,20.0,89.0,78.104355
4.0,1.0,3.0,0.0,21.0,91.0,78.104355
4.0,1.0,3.0,0.0,22.0,97.0,77.97874
4.0,1.0,3.0,0.0,23.0,99.0,77.97874
5.0,0.0,0.0,0.0,0.0,96.0,87.77981
5.0,0.0,0.0,0.0,1.0,94.0,88.14093
5.0,0.0,0.0,0.0,2.0,88.0,87.860825
5.0,0.0,0.0,0.0,3.0,84.0,86.59815
5.0,0.0,0.0,0.0,4.0,86.0,85.18453
5.0,0.0,0.0,0.0,5.0,95.0,83.55486
5.0,0.0,0.0,0.0,6.0,86.0,82.178894
5.0,0.0,0.0,0.0,7.0,84.0,81.29171
5.0,0.0,0.0,0.0,8.0,86.0,80.66398
5.0,0.0,0.0,0.0,9.0,86.0,80.198395
5.0,0.0,0.0,0.0,10.0,83.0,79.755005
5.0,0.0,0.0,0.0,11.0,86.0,79.485794
5.0,0.0,0.0,0.0,12.0,89.0,79.305
5.0,0.0,0.0,0.0,13.0,88.0,79.18388
5.0,0.0,0.0,0.0,14.0,85.0,78.94026
5.0,0.0,0.0,0.0,15.0,85.0,78.756325
5.0,0.0,0.0,0.0,16.0,70.0,78.69478
5.0,0.0,0.0,0.0,17.0,55.0,78.63312
5.0,0.0,0.0,0.0,18.0,68.0,78.571335
5.0,0.0,0.0,0.0,19.0,92.0,78.509445
5.0,0.0,0.0,0.0,20.0,89.0,78.509445
5.0,0.0,0.0,0.0,21.0,91.0,78.47846
5.0,0.0,0.0,0.0,22.0,94.0,78.44745
5.0,0.0,0.0,0.0,23.0,96.0,78.35422
5.0,0.0,1.0,0.0,0.0,98.0,88.29857
5.0,0.0,1.0,0.0,1.0,95.0,88.53173
5.0,0.0,1.0,0.0,2.0,83.0,88.180504
5.0,0.0,1.0,0.0,3.0,73.0,86.8157
5.0,0.0,1.0,0.0,4.0,77.0,84.704414
5.0,0.0,1.0,0.0,5.0,95.0,82.61093
5.0,0.0,1.0,0.0,6.0,84.0,81.29171
5.0,0.0,1.0,0.0,7.0,80.0,80.43213
5.0,0.0,1.0,0.0,8.0,87.0,79.962746
5.0,0.0,1.0,0.0,9.0,84.0,79.485794
5.0,0.0,1.0,0.0,10.0,79.0,79.24451
5.0,0.0,1.0,0.0,11.0,83.0,79.00134
5.0,0.0,1.0,0.0,12.0,87.0,78.84842
5.0,0.0,1.0,0.0,13.0,80.0,78.63312
5.0,0.0,1.0,0.0,14.0,79.0,78.509445
5.0,0.0,1.0,0.0,15.0,77.0,78.38532
5.0,0.0,1.0,0.0,16.0,78.0,78.4164
5.0,0.0,1.0,0.0,17.0,78.0,78.29192
5.0,0.0,1.0,0.0,18.0,82.0,78.19827
5.0,0.0,1.0,0.0,19.0,90.0,78.19827
5.0,0.0,1.0,0.0,20.0,89.0,78.13569
5.0,0.0,1.0,0.0,21.0,90.0,78.16699
5.0,0.0,1.0,0.0,22.0,94.0,78.16699
5.0,0.0,1.0,0.0,23.0,98.0,78.16699
5.0,0.0,2.0,0.0,0.0,98.0,88.68501
5.0,0.0,2.0,0.0,1.0,95.0,88.49314
5.0,0.0,2.0,0.0,2.0,85.0,87.860825
5.0,0.0,2.0,0.0,3.0,78.0,86.8157
5.0,0.0,2.0,0.0,4.0,79.0,84.55805
5.0,0.0,2.0,0.0,5.0,96.0,82.44982
5.0,0.0,2.0,0.0,6.0,85.0,81.17865
5.0,0.0,2.0,0.0,7.0,81.0,80.37388
5.0,0.0,2.0,0.0,8.0,74.0,79.784775
5.0,0.0,2.0,0.0,9.0,57.0,79.485794
5.0,0.0,2.0,0.0,10.0,78.0,79.18388
5.0,0.0,2.0,0.0,11.0,83.0,78.90968
5.0,0.0,2.0,0.0,12.0,88.0,78.66396
5.0,0.0,2.0,0.0,13.0,83.0,78.571335
5.0,0.0,2.0,0.0,14.0,81.0,78.4164
5.0,0.0,2.0,0.0,15.0,79.0,78.260735
5.0,0.0,2.0,0.0,16.0,75.0,78.16699
5.0,0.0,2.0,0.0,17.0,71.0,78.13569
5.0,0.0,2.0,0.0,18.0,50.0,78.04161
5.0,0.0,2.0,0.0,19.0,75.0,78.04161
5.0,0.0,2.0,0.0,20.0,89.0,77.97874
5.0,0.0,2.0,0.0,21.0,91.0,77.91576
5.0,0.0,2.0,0.0,22.0,92.0,78.010185
5.0,0.0,2.0,0.0,23.0,97.0,77.91576
5.0,0.0,3.0,0.0,0.0,99.0,88.21996
5.0,0.0,3.0,0.0,1.0,96.0,88.21996
5.0,0.0,3.0,0.0,2.0,90.0,87.65743
5.0,0.0,3.0,0.0,3.0,86.0,86.944855
5.0,0.0,3.0,0.0,4.0,85.0,84.89788
5.0,0.0,3.0,0.0,5.0,98.0,82.824066
5.0,0.0,3.0,0.0,6.0,87.0,81.460396
5.0,0.0,3.0,0.0,7.0,83.0,80.66398
5.0,0.0,3.0,0.0,8.0,64.0,80.021835
5.0,0.0,3.0,0.0,9.0,46.0,79.54582
5.0,0.0,3.0,0.0,10.0,67.0,79.24451
5.0,0.0,3.0,0.0,11.0,76.0,79.00134
5.0,0.0,3.0,0.0,12.0,90.0,78.78705
5.0,0.0,3.0,0.0,13.0,87.0,78.571335
5.0,0.0,3.0,0.0,14.0,84.0,78.44745
5.0,0.0,3.0,0.0,15.0,82.0,78.32308
5.0,0.0,3.0,0.0,16.0,75.0,78.229515
5.0,0.0,3.0,0.0,17.0,67.0,78.104355
5.0,0.0,3.0,0.0,18.0,38.0,78.04161
5.0,0.0,3.0,0.0,19.0,67.0,77.97874
5.0,0.0,3.0,0.0,20.0,90.0,77.91576
5.0,0.0,3.0,0.0,21.0,92.0,77.88423
5.0,0.0,3.0,0.0,22.0,92.0,77.91576
5.0,0.0,3.0,0.0,23.0,97.0,77.78946
5.0,1.0,0.0,0.0,0.0,96.0,87.941414
5.0,1.0,0.0,0.0,1.0,97.0,88.376724
5.0,1.0,0.0,0.0,2.0,94.0,88.10125
5.0,1.0,0.0,0.0,3.0,90.0,86.8157
5.0,1.0,0.0,0.0,4.0,93.0,85.18453
5.0,1.0,0.0,0.0,5.0,96.0,83.400246
5.0,1.0,0.0,0.0,6.0,89.0,81.90495
5.0,1.0,0.0,0.0,7.0,92.0,81.00817
5.0,1.0,0.0,0.0,8.0,91.0,80.37388
5.0,1.0,0.0,0.0,9.0,61.0,79.84422
5.0,1.0,0.0,0.0,10.0,36.0,79.60574
5.0,1.0,0.0,0.0,11.0,33.0,79.425644
5.0,1.0,0.0,0.0,12.0,32.0,79.12315
5.0,1.0,0.0,0.0,13.0,33.0,79.00134
5.0,1.0,0.0,0.0,14.0,60.0,78.94026
5.0,1.0,0.0,0.0,15.0,67.0,78.78705
5.0,1.0,0.0,0.0,16.0,43.0,78.63312
5.0,1.0,0.0,0.0,17.0,60.0,78.63312
5.0,1.0,0.0,0.0,18.0,45.0,78.47846
5.0,1.0,0.0,0.0,19.0,87.0,78.44745
5.0,1.0,0.0,0.0,20.0,86.0,78.509445
5.0,1.0,0.0,0.0,21.0,89.0,78.44745
5.0,1.0,0.0,0.0,22.0,92.0,78.47846
5.0,1.0,0.0,0.0,23.0,96.0,78.4164
5.0,1.0,1.0,0.0,0.0,98.0,88.49314
5.0,1.0,1.0,0.0,1.0,98.0,88.53173
5.0,1.0,1.0,0.0,2.0,96.0,88.14093
5.0,1.0,1.0,0.0,3.0,89.0,86.944855
5.0,1.0,1.0,0.0,4.0,93.0,84.84969
5.0,1.0,1.0,0.0,5.0,99.0,82.6644
5.0,1.0,1.0,0.0,6.0,85.0,81.17865
5.0,1.0,1.0,0.0,7.0,91.0,80.43213
5.0,1.0,1.0,0.0,8.0,91.0,79.903534
5.0,1.0,1.0,0.0,9.0,81.0,79.54582
5.0,1.0,1.0,0.0,10.0,55.0,79.305
5.0,1.0,1.0,0.0,11.0,28.0,79.06231
5.0,1.0,1.0,0.0,12.0,27.0,78.87906
5.0,1.0,1.0,0.0,13.0,27.0,78.756325
5.0,1.0,1.0,0.0,14.0,24.0,78.571335
5.0,1.0,1.0,0.0,15.0,48.0,78.44745
5.0,1.0,1.0,0.0,16.0,22.0,78.4164
5.0,1.0,1.0,0.0,17.0,18.0,78.38532
5.0,1.0,1.0,0.0,18.0,34.0,78.35422
5.0,1.0,1.0,0.0,19.0,68.0,78.229515
5.0,1.0,1.0,0.0,20.0,81.0,78.29192
5.0,1.0,1.0,0.0,21.0,85.0,78.229515
5.0,1.0,1.0,0.0,22.0,90.0,78.16699
5.0,1.0,1.0,0.0,23.0,98.0,78.19827
5.0,1.0,2.0,0.0,0.0,97.0,88.53173
5.0,1.0,2.0,0.0,1.0,98.0,88.21996
5.0,1.0,2.0,0.0,2.0,96.0,87.61642
5.0,1.0,2.0,0.0,3.0,90.0,86.98767
5.0,1.0,2.0,0.0,4.0,93.0,85.18453
5.0,1.0,2.0,0.0,5.0,99.0,82.87705
5.0,1.0,2.0,0.0,6.0,74.0,81.40429
5.0,1.0,2.0,0.0,7.0,60.0,80.548294
5.0,1.0,2.0,0.0,8.0,91.0,80.021835
5.0,1.0,2.0,0.0,9.0,80.0,79.60574
5.0,1.0,2.0,0.0,10.0,45.0,79.305
5.0,1.0,2.0,0.0,11.0,23.0,79.00134
5.0,1.0,2.0,0.0,12.0,22.0,78.84842
5.0,1.0,2.0,0.0,13.0,22.0,78.66396
5.0,1.0,2.0,0.0,14.0,19.0,78.540405
5.0,1.0,2.0,0.0,15.0,24.0,78.44745
5.0,1.0,2.0,0.0,16.0,20.0,78.32308
5.0,1.0,2.0,0.0,17.0,18.0,78.260735
5.0,1.0,2.0,0.0,18.0,24.0,78.19827
5.0,1.0,2.0,0.0,19.0,36.0,78.16699
5.0,1.0,2.0,0.0,20.0,79.0,78.104355
5.0,1.0,2.0,0.0,21.0,84.0,78.104355
5.0,1.0,2.0,0.0,22.0,91.0,78.04161
5.0,1.0,2.0,0.0,23.0,98.0,78.010185
5.0,1.0,3.0,0.0,0.0,97.0,87.981544
5.0,1.0,3.0,0.0,1.0,99.0,88.02155
5.0,1.0,3.0,0.0,2.0,97.0,87.65743
5.0,1.0,3.0,0.0,3.0,93.0,87.07298
5.0,1.0,3.0,0.0,4.0,94.0,85.699005
5.0,1.0,3.0,0.0,5.0,98.0,83.34847
5.0,1.0,3.0,0.0,6.0,67.0,81.84981
5.0,1.0,3.0,0.0,7.0,44.0,80.951096
5.0,1.0,3.0,0.0,8.0,78.0,80.31549
5.0,1.0,3.0,0.0,9.0,75.0,79.84422
5.0,1.0,3.0,0.0,10.0,41.0,79.485794
5.0,1.0,3.0,0.0,11.0,23.0,79.12315
5.0,1.0,3.0,0.0,12.0,23.0,78.94026
5.0,1.0,3.0,0.0,13.0,23.0,78.72556
5.0,1.0,3.0,0.0,14.0,16.0,78.60224
5.0,1.0,3.0,0.0,15.0,18.0,78.44745
5.0,1.0,3.0,0.0,16.0,22.0,78.32308
5.0,1.0,3.0,0.0,17.0,22.0,78.229515
5.0,1.0,3.0,0.0,18.0,24.0,78.229515
5.0,1.0,3.0,0.0,19.0,30.0,78.104355
5.0,1.0,3.0,0.0,20.0,79.0,78.104355
5.0,1.0,3.0,0.0,21.0,84.0,78.04161
5.0,1.0,3.0,0.0,22.0,92.0,77.97874
5.0,1.0,3.0,0.0,23.0,99.0,77.91576
6.0,0.0,0.0,0.0,0.0,94.0,87.77981
6.0,0.0,0.0,0.0,1.0,94.0,88.10125
6.0,0.0,0.0,0.0,2.0,87.0,87.901184
6.0,0.0,0.0,0.0,3.0,79.0,86.68551
6.0,0.0,0.0,0.0,4.0,86.0,85.652824
6.0,0.0,0.0,0.0,5.0,86.0,84.41063
6.0,0.0,0.0,0.0,6.0,64.0,82.98265
6.0,0.0,0.0,0.0,7.0,35.0,81.95998
6.0,0.0,0.0,0.0,8.0,33.0,81.17865
6.0,0.0,0.0,0.0,9.0,55.0,80.548294
6.0,0.0,0.0,0.0,10.0,45.0,80.139656
6.0,0.0,0.0,0.0,11.0,81.0,79.784775
6.0,0.0,0.0,0.0,12.0,89.0,79.425644
6.0,0.0,0.0,0.0,13.0,88.0,79.305
6.0,0.0,0.0,0.0,14.0,83.0,79.12315
6.0,0.0,0.0,0.0,15.0,52.0,78.90968
6.0,0.0,0.0,0.0,16.0,56.0,78.81775
6.0,0.0,0.0,0.0,17.0,64.0,78.69478
6.0,0.0,0.0,0.0,18.0,66.0,78.540405
6.0,0.0,0.0,0.0,19.0,87.0,78.540405
6.0,0.0,0.0,0.0,20.0,82.0,78.509445
6.0,0.0,0.0,0.0,21.0,86.0,78.4164
6.0,0.0,0.0,0.0,22.0,92.0,78.35422
6.0,0.0,0.0,0.0,23.0,96.0,78.35422
6.0,0.0,1.0,0.0,0.0,97.0,88.33769
6.0,0.0,1.0,0.0,1.0,92.0,88.49314
6.0,0.0,1.0,0.0,2.0,86.0,88.33769
6.0,0.0,1.0,0.0,3.0,72.0,87.15783
6.0,0.0,1.0,0.0,4.0,76.0,85.51357
6.0,0.0,1.0,0.0,5.0,85.0,83.708405
6.0,0.0,1.0,0.0,6.0,69.0,82.06967
6.0,0.0,1.0,0.0,7.0,42.0,81.06512
6.0,0.0,1.0,0.0,8.0,41.0,80.31549
6.0,0.0,1.0,0.0,9.0,70.0,79.903534
6.0,0.0,1.0,0.0,10.0,66.0,79.54582
6.0,0.0,1.0,0.0,11.0,79.0,79.24451
6.0,0.0,1.0,0.0,12.0,89.0,78.97081
6.0,0.0,1.0,0.0,13.0,86.0,78.756325
6.0,0.0,1.0,0.0,14.0,82.0,78.63312
6.0,0.0,1.0,0.0,15.0,67.0,78.509445
6.0,0.0,1.0,0.0,16.0,67.0,78.32308
6.0,0.0,1.0,0.0,17.0,77.0,78.35422
6.0,0.0,1.0,0.0,18.0,75.0,78.29192
6.0,0.0,1.0,0.0,19.0,83.0,78.19827
6.0,0.0,1.0,0.0,20.0,78.0,78.16699
6.0,0.0,1.0,0.0,21.0,85.0,78.104355
6.0,0.0,1.0,0.0,22.0,94.0,78.13569
6.0,0.0,1.0,0.0,23.0,98.0,78.073
6.0,0.0,2.0,0.0,0.0,92.0,88.64686
6.0,0.0,2.0,0.0,1.0,89.0,88.53173
6.0,0.0,2.0,0.0,2.0,83.0,88.061455
6.0,0.0,2.0,0.0,3.0,75.0,87.11546
6.0,0.0,2.0,0.0,4.0,79.0,85.42015
6.0,0.0,2.0,0.0,5.0,86.0,83.34847
6.0,0.0,2.0,0.0,6.0,73.0,81.79454
6.0,0.0,2.0,0.0,7.0,46.0,80.77919
6.0,0.0,2.0,0.0,8.0,51.0,80.198395
6.0,0.0,2.0,0.0,9.0,70.0,79.60574
6.0,0.0,2.0,0.0,10.0,70.0,79.305
6.0,0.0,2.0,0.0,11.0,68.0,79.00134
6.0,0.0,2.0,0.0,12.0,89.0,78.84842
6.0,0.0,2.0,0.0,13.0,86.0,78.63312
6.0,0.0,2.0,0.0,14.0,83.0,78.509445
6.0,0.0,2.0,0.0,15.0,67.0,78.38532
6.0,0.0,2.0,0.0,16.0,64.0,78.260735
6.0,0.0,2.0,0.0,17.0,80.0,78.19827
6.0,0.0,2.0,0.0,18.0,67.0,78.073
6.0,0.0,2.0,0.0,19.0,81.0,78.073
6.0,0.0,2.0,0.0,20.0,78.0,78.04161
6.0,0.0,2.0,0.0,21.0,84.0,77.97874
6.0,0.0,2.0,0.0,22.0,89.0,77.91576
6.0,0.0,2.0,0.0,23.0,98.0,77.91576
6.0,0.0,3.0,0.0,0.0,88.0,88.49314
6.0,0.0,3.0,0.0,1.0,88.0,88.29857
6.0,0.0,3.0,0.0,2.0,82.0,87.77981
6.0,0.0,3.0,0.0,3.0,80.0,87.03038
6.0,0.0,3.0,0.0,4.0,85.0,85.60652
6.0,0.0,3.0,0.0,5.0,89.0,83.503456
6.0,0.0,3.0,0.0,6.0,76.0,81.95998
6.0,0.0,3.0,0.0,7.0,59.0,80.951096
6.0,0.0,3.0,0.0,8.0,69.0,80.257
6.0,0.0,3.0,0.0,9.0,66.0,79.784775
6.0,0.0,3.0,0.0,10.0,68.0,79.425644
6.0,0.0,3.0,0.0,11.0,58.0,79.18388
6.0,0.0,3.0,0.0,12.0,89.0,78.94026
6.0,0.0,3.0,0.0,13.0,88.0,78.69478
6.0,0.0,3.0,0.0,14.0,78.0,78.571335
6.0,0.0,3.0,0.0,15.0,68.0,78.44745
6.0,0.0,3.0,0.0,16.0,62.0,78.260735
6.0,0.0,3.0,0.0,17.0,78.0,78.16699
6.0,0.0,3.0,0.0,18.0,61.0,78.104355
6.0,0.0,3.0,0.0,19.0,78.0,78.04161
6.0,0.0,3.0,0.0,20.0,79.0,77.91576
6.0,0.0,3.0,0.0,21.0,84.0,77.91576
6.0,0.0,3.0,0.0,22.0,86.0,77.85266
6.0,0.0,3.0,0.0,23.0,98.0,77.78946
6.0,1.0,0.0,0.0,0.0,96.0,87.981544
6.0,1.0,0.0,0.0,1.0,97.0,88.29857
6.0,1.0,0.0,0.0,2.0,94.0,88.10125
6.0,1.0,0.0,0.0,3.0,92.0,87.07298
6.0,1.0,0.0,0.0,4.0,93.0,85.699005
6.0,1.0,0.0,0.0,5.0,96.0,84.361244
6.0,1.0,0.0,0.0,6.0,91.0,82.824066
6.0,1.0,0.0,0.0,7.0,94.0,81.68364
6.0,1.0,0.0,0.0,8.0,92.0,80.89391
6.0,1.0,0.0,0.0,9.0,82.0,80.31549
6.0,1.0,0.0,0.0,10.0,45.0,79.903534
6.0,1.0,0.0,0.0,11.0,81.0,79.60574
6.0,1.0,0.0,0.0,12.0,75.0,79.425644
6.0,1.0,0.0,0.0,13.0,91.0,79.18388
6.0,1.0,0.0,0.0,14.0,91.0,79.00134
6.0,1.0,0.0,0.0,15.0,91.0,78.84842
6.0,1.0,0.0,0.0,16.0,91.0,78.69478
6.0,1.0,0.0,0.0,17.0,91.0,78.66396
6.0,1.0,0.0,0.0,18.0,91.0,78.540405
6.0,1.0,0.0,0.0,19.0,91.0,78.47846
6.0,1.0,0.0,0.0,20.0,91.0,78.44745
6.0,1.0,0.0,0.0,21.0,91.0,78.38532
6.0,1.0,0.0,0.0,22.0,91.0,78.38532
6.0,1.0,0.0,0.0,23.0,91.0,78.32308
6.0,1.0,1.0,0.0,0.0,99.0,88.49314
6.0,1.0,1.0,0.0,1.0,99.0,88.57022
6.0,1.0,1.0,0.0,2.0,91.0,88.180504
6.0,1.0,1.0,0.0,3.0,87.0,87.40966
6.0,1.0,1.0,0.0,4.0,90.0,85.652824
6.0,1.0,1.0,0.0,5.0,98.0,83.708405
6.0,1.0,1.0,0.0,6.0,91.0,82.12434
6.0,1.0,1.0,0.0,7.0,93.0,81.00817
6.0,1.0,1.0,0.0,8.0,91.0,80.257
6.0,1.0,1.0,0.0,9.0,81.0,79.84422
6.0,1.0,1.0,0.0,10.0,68.0,79.425644
6.0,1.0,1.0,0.0,11.0,76.0,79.18388
6.0,1.0,1.0,0.0,12.0,77.0,79.06231
6.0,1.0,1.0,0.0,13.0,75.0,78.81775
6.0,1.0,1.0,0.0,14.0,75.0,78.66396
6.0,1.0,1.0,0.0,15.0,75.0,78.571335
6.0,1.0,1.0,0.0,16.0,75.0,78.44745
6.0,1.0,1.0,0.0,17.0,75.0,78.32308
6.0,1.0,1.0,0.0,18.0,75.0,78.32308
6.0,1.0,1.0,0.0,19.0,75.0,78.260735
6.0,1.0,1.0,0.0,20.0,75.0,78.229515
6.0,1.0,1.0,0.0,21.0,75.0,78.13569
6.0,1.0,1.0,0.0,22.0,75.0,78.13569
6.0,1.0,1.0,0.0,23.0,75.0,78.19827
6.0,1.0,2.0,0.0,0.0,78.0,88.60859
6.0,1.0,2.0,0.0,1.0,90.0,88.454445
6.0,1.0,2.0,0.0,2.0,86.0,87.73912
6.0,1.0,2.0,0.0,3.0,84.0,87.11546
6.0,1.0,2.0,0.0,4.0,88.0,85.88257
6.0,1.0,2.0,0.0,5.0,97.0,83.759346
6.0,1.0,2.0,0.0,6.0,91.0,82.06967
6.0,1.0,2.0,0.0,7.0,93.0,81.06512
6.0,1.0,2.0,0.0,8.0,91.0,80.31549
6.0,1.0,2.0,0.0,9.0,81.0,79.84422
6.0,1.0,2.0,0.0,10.0,48.0,79.485794
6.0,1.0,2.0,0.0,11.0,30.0,79.24451
6.0,1.0,2.0,0.0,12.0,44.0,79.00134
6.0,1.0,2.0,0.0,13.0,48.0,78.78705
6.0,1.0,2.0,0.0,14.0,48.0,78.66396
6.0,1.0,2.0,0.0,15.0,48.0,78.509445
6.0,1.0,2.0,0.0,16.0,48.0,78.38532
6.0,1.0,2.0,0.0,17.0,48.0,78.29192
6.0,1.0,2.0,0.0,18.0,48.0,78.19827
6.0,1.0,2.0,0.0,19.0,48.0,78.13569
6.0,1.0,2.0,0.0,20.0,48.0,78.13569
6.0,1.0,2.0,0.0,21.0,48.0,78.04161
6.0,1.0,2.0,0.0,22.0,48.0,77.97874
6.0,1.0,2.0,0.0,23.0,48.0,77.97874
6.0,1.0,3.0,0.0,0.0,72.0,88.180504
6.0,1.0,3.0,0.0,1.0,84.0,88.10125
6.0,1.0,3.0,0.0,2.0,85.0,87.65743
6.0,1.0,3.0,0.0,3.0,85.0,87.15783
6.0,1.0,3.0,0.0,4.0,89.0,86.19929
6.0,1.0,3.0,0.0,5.0,98.0,84.16253
6.0,1.0,3.0,0.0,6.0,92.0,82.44982
6.0,1.0,3.0,0.0,7.0,92.0,81.29171
6.0,1.0,3.0,0.0,8.0,89.0,80.548294
6.0,1.0,3.0,0.0,9.0,78.0,80.021835
6.0,1.0,3.0,0.0,10.0,35.0,79.66554
6.0,1.0,3.0,0.0,11.0,19.0,79.305
6.0,1.0,3.0,0.0,12.0,29.0,79.12315
6.0,1.0,3.0,0.0,13.0,33.0,78.87906
6.0,1.0,3.0,0.0,14.0,33.0,78.66396
6.0,1.0,3.0,0.0,15.0,33.0,78.571335
6.0,1.0,3.0,0.0,16.0,33.0,78.44745
6.0,1.0,3.0,0.0,17.0,33.0,78.32308
6.0,1.0,3.0,0.0,18.0,33.0,78.229515
6.0,1.0,3.0,0.0,19.0,33.0,78.104355
6.0,1.0,3.0,0.0,20.0,33.0,78.104355
6.0,1.0,3.0,0.0,21.0,33.0,78.04161
6.0,1.0,3.0,0.0,22.0,33.0,77.91576
6.0,1.0,3.0,0.0,23.0,33.0,77.97874
7.0,0.0,0.0,0.0,0.0,96.0,87.860825
7.0,0.0,0.0,0.0,1.0,95.0,88.061455
7.0,0.0,0.0,0.0,2.0,90.0,87.941414
7.0,0.0,0.0,0.0,3.0,85.0,86.90192
7.0,0.0,0.0,0.0,4.0,86.0,85.836845
7.0,0.0,0.0,0.0,5.0,96.0,85.04174
7.0,0.0,0.0,0.0,6.0,89.0,83.91144
7.0,0.0,0.0,0.0,7.0,85.0,82.6644
7.0,0.0,0.0,0.0,8.0,84.0,81.79454
7.0,0.0,0.0,0.0,9.0,73.0,81.06512
7.0,0.0,0.0,0.0,10.0,38.0,80.548294
7.0,0.0,0.0,0.0,11.0,75.0,80.0808
7.0,0.0,0.0,0.0,12.0,88.0,79.72521
7.0,0.0,0.0,0.0,13.0,85.0,79.485794
7.0,0.0,0.0,0.0,14.0,82.0,79.305
7.0,0.0,0.0,0.0,15.0,69.0,79.12315
7.0,0.0,0.0,0.0,16.0,53.0,78.94026
7.0,0.0,0.0,0.0,17.0,43.0,78.81775
7.0,0.0,0.0,0.0,18.0,58.0,78.66396
7.0,0.0,0.0,0.0,19.0,78.0,78.60224
7.0,0.0,0.0,0.0,20.0,79.0,78.540405
7.0,0.0,0.0,0.0,21.0,80.0,78.44745
7.0,0.0,0.0,0.0,22.0,83.0,78.4164
7.0,0.0,0.0,0.0,23.0,91.0,78.32308
7.0,0.0,1.0,0.0,0.0,98.0,88.29857
7.0,0.0,1.0,0.0,1.0,95.0,88.454445
7.0,0.0,1.0,0.0,2.0,87.0,88.29857
7.0,0.0,1.0,0.0,3.0,78.0,87.40966
7.0,0.0,1.0,0.0,4.0,78.0,86.06425
7.0,0.0,1.0,0.0,5.0,98.0,84.60696
7.0,0.0,1.0,0.0,6.0,88.0,83.087776
7.0,0.0,1.0,0.0,7.0,82.0,81.73914
7.0,0.0,1.0,0.0,8.0,83.0,80.89391
7.0,0.0,1.0,0.0,9.0,81.0,80.257
7.0,0.0,1.0,0.0,10.0,40.0,79.784775
7.0,0.0,1.0,0.0,11.0,68.0,79.425644
7.0,0.0,1.0,0.0,12.0,85.0,79.18388
7.0,0.0,1.0,0.0,13.0,81.0,78.97081
7.0,0.0,1.0,0.0,14.0,78.0,78.81775
7.0,0.0,1.0,0.0,15.0,67.0,78.63312
7.0,0.0,1.0,0.0,16.0,68.0,78.571335
7.0,0.0,1.0,0.0,17.0,70.0,78.38532
7.0,0.0,1.0,0.0,18.0,69.0,78.32308
7.0,0.0,1.0,0.0,19.0,77.0,78.32308
7.0,0.0,1.0,0.0,20.0,76.0,78.19827
7.0,0.0,1.0,0.0,21.0,79.0,78.104355
7.0,0.0,1.0,0.0,22.0,82.0,78.104355
7.0,0.0,1.0,0.0,23.0,92.0,78.104355
7.0,0.0,2.0,0.0,0.0,97.0,88.60859
7.0,0.0,2.0,0.0,1.0,95.0,88.60859
7.0,0.0,2.0,0.0,2.0,88.0,88.21996
7.0,0.0,2.0,0.0,3.0,80.0,87.32617
7.0,0.0,2.0,0.0,4.0,82.0,85.92816
7.0,0.0,2.0,0.0,5.0,97.0,84.16253
7.0,0.0,2.0,0.0,6.0,89.0,82.61093
7.0,0.0,2.0,0.0,7.0,83.0,81.40429
7.0,0.0,2.0,0.0,8.0,84.0,80.548294
7.0,0.0,2.0,0.0,9.0,82.0,80.021835
7.0,0.0,2.0,0.0,10.0,47.0,79.60574
7.0,0.0,2.0,0.0,11.0,53.0,79.305
7.0,0.0,2.0,0.0,12.0,85.0,78.97081
7.0,0.0,2.0,0.0,13.0,83.0,78.84842
7.0,0.0,2.0,0.0,14.0,78.0,78.69478
7.0,0.0,2.0,0.0,15.0,60.0,78.509445
7.0,0.0,2.0,0.0,16.0,67.0,78.38532
7.0,0.0,2.0,0.0,17.0,65.0,78.32308
7.0,0.0,2.0,0.0,18.0,52.0,78.260735
7.0,0.0,2.0,0.0,19.0,38.0,78.073
7.0,0.0,2.0,0.0,20.0,69.0,78.073
7.0,0.0,2.0,0.0,21.0,79.0,78.04161
7.0,0.0,2.0,0.0,22.0,82.0,77.947266
7.0,0.0,2.0,0.0,23.0,91.0,77.947266
7.0,0.0,3.0,0.0,0.0,95.0,88.57022
7.0,0.0,3.0,0.0,1.0,95.0,88.454445
7.0,0.0,3.0,0.0,2.0,91.0,87.82037
7.0,0.0,3.0,0.0,3.0,88.0,87.11546
7.0,0.0,3.0,0.0,4.0,89.0,86.019005
7.0,0.0,3.0,0.0,5.0,97.0,84.311745
7.0,0.0,3.0,0.0,6.0,90.0,82.6644
7.0,0.0,3.0,0.0,7.0,85.0,81.460396
7.0,0.0,3.0,0.0,8.0,84.0,80.66398
7.0,0.0,3.0,0.0,9.0,84.0,80.0808
7.0,0.0,3.0,0.0,10.0,64.0,79.60574
7.0,0.0,3.0,0.0,11.0,44.0,79.305
7.0,0.0,3.0,0.0,12.0,85.0,79.06231
7.0,0.0,3.0,0.0,13.0,84.0,78.87906
7.0,0.0,3.0,0.0,14.0,79.0,78.69478
7.0,0.0,3.0,0.0,15.0,56.0,78.509445
7.0,0.0,3.0,0.0,16.0,67.0,78.38532
7.0,0.0,3.0,0.0,17.0,60.0,78.229515
7.0,0.0,3.0,0.0,18.0,42.0,78.13569
7.0,0.0,3.0,0.0,19.0,25.0,78.04161
7.0,0.0,3.0,0.0,20.0,62.0,78.073
7.0,0.0,3.0,0.0,21.0,79.0,77.97874
7.0,0.0,3.0,0.0,22.0,82.0,77.91576
7.0,0.0,3.0,0.0,23.0,92.0,77.821075
7.0,1.0,0.0,0.0,0.0,97.0,87.981544
7.0,1.0,0.0,0.0,1.0,96.0,88.180504
7.0,1.0,0.0,0.0,2.0,95.0,88.061455
7.0,1.0,0.0,0.0,3.0,92.0,87.242226
7.0,1.0,0.0,0.0,4.0,94.0,85.97364
7.0,1.0,0.0,0.0,5.0,96.0,84.99391
7.0,1.0,0.0,0.0,6.0,90.0,83.81016
7.0,1.0,0.0,0.0,7.0,91.0,82.44982
7.0,1.0,0.0,0.0,8.0,84.0,81.460396
7.0,1.0,0.0,0.0,9.0,68.0,80.77919
7.0,1.0,0.0,0.0,10.0,31.0,80.257
7.0,1.0,0.0,0.0,11.0,77.0,79.903534
7.0,1.0,0.0,0.0,12.0,68.0,79.60574
7.0,1.0,0.0,0.0,13.0,94.0,79.455734
7.0,1.0,0.0,0.0,14.0,90.0,79.153534
7.0,1.0,0.0,0.0,15.0,77.0,79.06231
7.0,1.0,0.0,0.0,16.0,80.0,78.87906
7.0,1.0,0.0,0.0,17.0,51.0,78.72556
7.0,1.0,0.0,0.0,18.0,84.0,78.63312
7.0,1.0,0.0,0.0,19.0,97.0,78.540405
7.0,1.0,0.0,0.0,20.0,92.0,78.47846
7.0,1.0,0.0,0.0,21.0,92.0,78.38532
7.0,1.0,0.0,0.0,22.0,95.0,78.47846
7.0,1.0,0.0,0.0,23.0,97.0,78.38532
7.0,1.0,1.0,0.0,0.0,100.0,88.454445
7.0,1.0,1.0,0.0,1.0,98.0,88.57022
7.0,1.0,1.0,0.0,2.0,95.0,88.25932
7.0,1.0,1.0,0.0,3.0,88.0,87.65743
7.0,1.0,1.0,0.0,4.0,92.0,86.154396
7.0,1.0,1.0,0.0,5.0,99.0,84.65575
7.0,1.0,1.0,0.0,6.0,84.0,83.087776
7.0,1.0,1.0,0.0,7.0,89.0,81.68364
7.0,1.0,1.0,0.0,8.0,78.0,80.77919
7.0,1.0,1.0,0.0,9.0,65.0,80.198395
7.0,1.0,1.0,0.0,10.0,63.0,79.72521
7.0,1.0,1.0,0.0,11.0,74.0,79.425644
7.0,1.0,1.0,0.0,12.0,85.0,79.18388
7.0,1.0,1.0,0.0,13.0,87.0,78.94026
7.0,1.0,1.0,0.0,14.0,81.0,78.756325
7.0,1.0,1.0,0.0,15.0,73.0,78.66396
7.0,1.0,1.0,0.0,16.0,76.0,78.571335
7.0,1.0,1.0,0.0,17.0,70.0,78.44745
7.0,1.0,1.0,0.0,18.0,81.0,78.4164
7.0,1.0,1.0,0.0,19.0,96.0,78.29192
7.0,1.0,1.0,0.0,20.0,92.0,78.19827
7.0,1.0,1.0,0.0,21.0,92.0,78.16699
7.0,1.0,1.0,0.0,22.0,96.0,78.229515
7.0,1.0,1.0,0.0,23.0,99.0,78.104355
7.0,1.0,2.0,0.0,0.0,100.0,88.64686
7.0,1.0,2.0,0.0,1.0,99.0,88.49314
7.0,1.0,2.0,0.0,2.0,96.0,87.981544
7.0,1.0,2.0,0.0,3.0,91.0,87.32617
7.0,1.0,2.0,0.0,4.0,93.0,86.19929
7.0,1.0,2.0,0.0,5.0,99.0,84.50903
7.0,1.0,2.0,0.0,6.0,84.0,82.824066
7.0,1.0,2.0,0.0,7.0,90.0,81.57225
7.0,1.0,2.0,0.0,8.0,80.0,80.72164
7.0,1.0,2.0,0.0,9.0,70.0,80.0808
7.0,1.0,2.0,0.0,10.0,38.0,79.72521
7.0,1.0,2.0,0.0,11.0,19.0,79.36539
7.0,1.0,2.0,0.0,12.0,51.0,79.12315
7.0,1.0,2.0,0.0,13.0,75.0,78.90968
7.0,1.0,2.0,0.0,14.0,83.0,78.72556
7.0,1.0,2.0,0.0,15.0,84.0,78.63312
7.0,1.0,2.0,0.0,16.0,79.0,78.44745
7.0,1.0,2.0,0.0,17.0,74.0,78.32308
7.0,1.0,2.0,0.0,18.0,83.0,78.29192
7.0,1.0,2.0,0.0,19.0,96.0,78.19827
7.0,1.0,2.0,0.0,20.0,93.0,78.13569
7.0,1.0,2.0,0.0,21.0,93.0,78.13569
7.0,1.0,2.0,0.0,22.0,96.0,77.97874
7.0,1.0,2.0,0.0,23.0,99.0,78.04161
7.0,1.0,3.0,0.0,0.0,99.0,88.25932
7.0,1.0,3.0,0.0,1.0,98.0,88.21996
7.0,1.0,3.0,0.0,2.0,96.0,87.73912
7.0,1.0,3.0,0.0,3.0,94.0,87.15783
7.0,1.0,3.0,0.0,4.0,95.0,86.422035
7.0,1.0,3.0,0.0,5.0,99.0,84.801384
7.0,1.0,3.0,0.0,6.0,84.0,83.087776
7.0,1.0,3.0,0.0,7.0,90.0,81.73914
7.0,1.0,3.0,0.0,8.0,83.0,80.951096
7.0,1.0,3.0,0.0,9.0,67.0,80.257
7.0,1.0,3.0,0.0,10.0,35.0,79.903534
7.0,1.0,3.0,0.0,11.0,20.0,79.485794
7.0,1.0,3.0,0.0,12.0,46.0,79.18388
7.0,1.0,3.0,0.0,13.0,71.0,79.00134
7.0,1.0,3.0,0.0,14.0,84.0,78.84842
7.0,1.0,3.0,0.0,15.0,83.0,78.63312
7.0,1.0,3.0,0.0,16.0,81.0,78.509445
7.0,1.0,3.0,0.0,17.0,81.0,78.32308
7.0,1.0,3.0,0.0,18.0,86.0,78.32308
7.0,1.0,3.0,0.0,19.0,97.0,78.229515
7.0,1.0,3.0,0.0,20.0,93.0,78.16699
7.0,1.0,3.0,0.0,21.0,94.0,78.073
7.0,1.0,3.0,0.0,22.0,97.0,77.97874
7.0,1.0,3.0,0.0,23.0,99.0,77.947266
8.0,0.0,0.0,0.0,0.0,98.0,87.860825
8.0,0.0,0.0,0.0,1.0,97.0,88.061455
8.0,0.0,0.0,0.0,2.0,94.0,87.941414
8.0,0.0,0.0,0.0,3.0,92.0,87.07298
8.0,0.0,0.0,0.0,4.0,95.0,85.97364
8.0,0.0,0.0,0.0,5.0,97.0,85.27914
8.0,0.0,0.0,0.0,6.0,90.0,84.50903
8.0,0.0,0.0,0.0,7.0,56.0,83.503456
8.0,0.0,0.0,0.0,8.0,59.0,82.44982
8.0,0.0,0.0,0.0,9.0,62.0,81.628006
8.0,0.0,0.0,0.0,10.0,35.0,80.951096
8.0,0.0,0.0,0.0,11.0,32.0,80.49027
8.0,0.0,0.0,0.0,12.0,75.0,80.110245
8.0,0.0,0.0,0.0,13.0,86.0,79.755005
8.0,0.0,0.0,0.0,14.0,83.0,79.54582
8.0,0.0,0.0,0.0,15.0,85.0,79.36539
8.0,0.0,0.0,0.0,16.0,86.0,79.12315
8.0,0.0,0.0,0.0,17.0,79.0,78.94026
8.0,0.0,0.0,0.0,18.0,79.0,78.84842
8.0,0.0,0.0,0.0,19.0,83.0,78.72556
8.0,0.0,0.0,0.0,20.0,91.0,78.540405
8.0,0.0,0.0,0.0,21.0,93.0,78.47846
8.0,0.0,0.0,0.0,22.0,96.0,78.38532
8.0,0.0,0.0,0.0,23.0,98.0,78.38532
8.0,0.0,1.0,0.0,0.0,99.0,88.25932
8.0,0.0,1.0,0.0,1.0,98.0,88.454445
8.0,0.0,1.0,0.0,2.0,92.0,88.29857
8.0,0.0,1.0,0.0,3.0,89.0,87.53406
8.0,0.0,1.0,0.0,4.0,92.0,86.24407
8.0,0.0,1.0,0.0,5.0,98.0,85.18453
8.0,0.0,1.0,0.0,6.0,84.0,83.860855
8.0,0.0,1.0,0.0,7.0,53.0,82.61093
8.0,0.0,1.0,0.0,8.0,61.0,81.51639
8.0,0.0,1.0,0.0,9.0,66.0,80.77919
8.0,0.0,1.0,0.0,10.0,40.0,80.198395
8.0,0.0,1.0,0.0,11.0,39.0,79.784775
8.0,0.0,1.0,0.0,12.0,65.0,79.54582
8.0,0.0,1.0,0.0,13.0,81.0,79.18388
8.0,0.0,1.0,0.0,14.0,77.0,79.00134
8.0,0.0,1.0,0.0,15.0,79.0,78.87906
8.0,0.0,1.0,0.0,16.0,80.0,78.69478
8.0,0.0,1.0,0.0,17.0,76.0,78.540405
8.0,0.0,1.0,0.0,18.0,84.0,78.38532
8.0,0.0,1.0,0.0,19.0,84.0,78.35422
8.0,0.0,1.0,0.0,20.0,88.0,78.260735
8.0,0.0,1.0,0.0,21.0,91.0,78.229515
8.0,0.0,1.0,0.0,22.0,94.0,78.19827
8.0,0.0,1.0,0.0,23.0,98.0,78.104355
8.0,0.0,2.0,0.0,0.0,99.0,88.60859
8.0,0.0,2.0,0.0,1.0,98.0,88.60859
8.0,0.0,2.0,0.0,2.0,93.0,88.25932
8.0,0.0,2.0,0.0,3.0,91.0,87.575294
8.0,0.0,2.0,0.0,4.0,93.0,86.33328
8.0,0.0,2.0,0.0,5.0,98.0,84.89788
8.0,0.0,2.0,0.0,6.0,85.0,83.400246
8.0,0.0,2.0,0.0,7.0,61.0,82.12434
8.0,0.0,2.0,0.0,8.0,65.0,81.17865
8.0,0.0,2.0,0.0,9.0,72.0,80.37388
8.0,0.0,2.0,0.0,10.0,51.0,79.903534
8.0,0.0,2.0,0.0,11.0,50.0,79.54582
8.0,0.0,2.0,0.0,12.0,69.0,79.24451
8.0,0.0,2.0,0.0,13.0,83.0,79.00134
8.0,0.0,2.0,0.0,14.0,79.0,78.81775
8.0,0.0,2.0,0.0,15.0,81.0,78.66396
8.0,0.0,2.0,0.0,16.0,80.0,78.509445
8.0,0.0,2.0,0.0,17.0,79.0,78.38532
8.0,0.0,2.0,0.0,18.0,86.0,78.29192
8.0,0.0,2.0,0.0,19.0,85.0,78.13569
8.0,0.0,2.0,0.0,20.0,89.0,78.13569
8.0,0.0,2.0,0.0,21.0,92.0,78.104355
8.0,0.0,2.0,0.0,22.0,95.0,78.010185
8.0,0.0,2.0,0.0,23.0,98.0,78.010185
8.0,0.0,3.0,0.0,0.0,100.0,88.64686
8.0,0.0,3.0,0.0,1.0,99.0,88.49314
8.0,0.0,3.0,0.0,2.0,94.0,87.941414
8.0,0.0,3.0,0.0,3.0,95.0,87.284256
8.0,0.0,3.0,0.0,4.0,94.0,86.24407
8.0,0.0,3.0,0.0,5.0,99.0,84.801384
8.0,0.0,3.0,0.0,6.0,87.0,83.34847
8.0,0.0,3.0,0.0,7.0,68.0,82.014885
8.0,0.0,3.0,0.0,8.0,63.0,81.06512
8.0,0.0,3.0,0.0,9.0,78.0,80.43213
8.0,0.0,3.0,0.0,10.0,68.0,79.962746
8.0,0.0,3.0,0.0,11.0,62.0,79.60574
8.0,0.0,3.0,0.0,12.0,66.0,79.24451
8.0,0.0,3.0,0.0,13.0,84.0,79.00134
8.0,0.0,3.0,0.0,14.0,81.0,78.78705
8.0,0.0,3.0,0.0,15.0,84.0,78.69478
8.0,0.0,3.0,0.0,16.0,81.0,78.509445
8.0,0.0,3.0,0.0,17.0,82.0,78.38532
8.0,0.0,3.0,0.0,18.0,88.0,78.260735
8.0,0.0,3.0,0.0,19.0,87.0,78.13569
8.0,0.0,3.0,0.0,20.0,89.0,78.073
8.0,0.0,3.0,0.0,21.0,93.0,78.010185
8.0,0.0,3.0,0.0,22.0,96.0,77.97874
8.0,0.0,3.0,0.0,23.0,99.0,77.88423
8.0,1.0,0.0,0.0,0.0,97.0,87.981544
8.0,1.0,0.0,0.0,1.0,97.0,88.180504
8.0,1.0,0.0,0.0,2.0,94.0,88.02155
8.0,1.0,0.0,0.0,3.0,93.0,87.40966
8.0,1.0,0.0,0.0,4.0,93.0,86.154396
8.0,1.0,0.0,0.0,5.0,95.0,85.18453
8.0,1.0,0.0,0.0,6.0,92.0,84.41063
8.0,1.0,0.0,0.0,7.0,90.0,83.34847
8.0,1.0,0.0,0.0,8.0,84.0,82.178894
8.0,1.0,0.0,0.0,9.0,77.0,81.40429
8.0,1.0,0.0,0.0,10.0,55.0,80.72164
8.0,1.0,0.0,0.0,11.0,42.0,80.257
8.0,1.0,0.0,0.0,12.0,75.0,79.962746
8.0,1.0,0.0,0.0,13.0,84.0,79.66554
8.0,1.0,0.0,0.0,14.0,87.0,79.36539
8.0,1.0,0.0,0.0,15.0,86.0,79.18388
8.0,1.0,0.0,0.0,16.0,87.0,79.06231
8.0,1.0,0.0,0.0,17.0,86.0,78.87906
8.0,1.0,0.0,0.0,18.0,91.0,78.756325
8.0,1.0,0.0,0.0,19.0,91.0,78.66396
8.0,1.0,0.0,0.0,20.0,90.0,78.540405
8.0,1.0,0.0,0.0,21.0,92.0,78.509445
8.0,1.0,0.0,0.0,22.0,93.0,78.4164
8.0,1.0,0.0,0.0,23.0,96.0,78.4164
8.0,1.0,1.0,0.0,0.0,99.0,88.41564
8.0,1.0,1.0,0.0,1.0,98.0,88.49314
8.0,1.0,1.0,0.0,2.0,94.0,88.25932
8.0,1.0,1.0,0.0,3.0,88.0,87.69833
8.0,1.0,1.0,0.0,4.0,91.0,86.46623
8.0,1.0,1.0,0.0,5.0,98.0,85.23189
8.0,1.0,1.0,0.0,6.0,91.0,83.91144
8.0,1.0,1.0,0.0,7.0,88.0,82.55735
8.0,1.0,1.0,0.0,8.0,81.0,81.51639
8.0,1.0,1.0,0.0,9.0,74.0,80.72164
8.0,1.0,1.0,0.0,10.0,65.0,80.198395
8.0,1.0,1.0,0.0,11.0,51.0,79.66554
8.0,1.0,1.0,0.0,12.0,62.0,79.485794
8.0,1.0,1.0,0.0,13.0,79.0,79.153534
8.0,1.0,1.0,0.0,14.0,82.0,78.97081
8.0,1.0,1.0,0.0,15.0,76.0,78.81775
8.0,1.0,1.0,0.0,16.0,80.0,78.66396
8.0,1.0,1.0,0.0,17.0,82.0,78.571335
8.0,1.0,1.0,0.0,18.0,88.0,78.44745
8.0,1.0,1.0,0.0,19.0,93.0,78.32308
8.0,1.0,1.0,0.0,20.0,91.0,78.29192
8.0,1.0,1.0,0.0,21.0,92.0,78.29192
8.0,1.0,1.0,0.0,22.0,96.0,78.19827
8.0,1.0,1.0,0.0,23.0,97.0,78.16699
8.0,1.0,2.0,0.0,0.0,99.0,88.57022
8.0,1.0,2.0,0.0,1.0,99.0,88.53173
8.0,1.0,2.0,0.0,2.0,94.0,88.10125
8.0,1.0,2.0,0.0,3.0,90.0,87.575294
8.0,1.0,2.0,0.0,4.0,92.0,86.51032
8.0,1.0,2.0,0.0,5.0,98.0,85.089455
8.0,1.0,2.0,0.0,6.0,92.0,83.65734
8.0,1.0,2.0,0.0,7.0,88.0,82.233315
8.0,1.0,2.0,0.0,8.0,82.0,81.235245
8.0,1.0,2.0,0.0,9.0,68.0,80.548294
8.0,1.0,2.0,0.0,10.0,58.0,80.021835
8.0,1.0,2.0,0.0,11.0,37.0,79.66554
8.0,1.0,2.0,0.0,12.0,32.0,79.305
8.0,1.0,2.0,0.0,13.0,71.0,79.12315
8.0,1.0,2.0,0.0,14.0,83.0,78.87906
8.0,1.0,2.0,0.0,15.0,78.0,78.72556
8.0,1.0,2.0,0.0,16.0,59.0,78.571335
8.0,1.0,2.0,0.0,17.0,32.0,78.509445
8.0,1.0,2.0,0.0,18.0,88.0,78.38532
8.0,1.0,2.0,0.0,19.0,93.0,78.260735
8.0,1.0,2.0,0.0,20.0,92.0,78.13569
8.0,1.0,2.0,0.0,21.0,93.0,78.19827
8.0,1.0,2.0,0.0,22.0,96.0,78.073
8.0,1.0,2.0,0.0,23.0,98.0,78.073
8.0,1.0,3.0,0.0,0.0,99.0,88.41564
8.0,1.0,3.0,0.0,1.0,98.0,88.29857
8.0,1.0,3.0,0.0,2.0,95.0,87.82037
8.0,1.0,3.0,0.0,3.0,92.0,87.284256
8.0,1.0,3.0,0.0,4.0,94.0,86.59815
8.0,1.0,3.0,0.0,5.0,98.0,85.32626
8.0,1.0,3.0,0.0,6.0,93.0,83.65734
8.0,1.0,3.0,0.0,7.0,87.0,82.341805
8.0,1.0,3.0,0.0,8.0,83.0,81.34806
8.0,1.0,3.0,0.0,9.0,59.0,80.66398
8.0,1.0,3.0,0.0,10.0,48.0,80.0808
8.0,1.0,3.0,0.0,11.0,28.0,79.66554
8.0,1.0,3.0,0.0,12.0,22.0,79.36539
8.0,1.0,3.0,0.0,13.0,61.0,79.18388
8.0,1.0,3.0,0.0,14.0,84.0,79.00134
8.0,1.0,3.0,0.0,15.0,80.0,78.78705
8.0,1.0,3.0,0.0,16.0,55.0,78.60224
8.0,1.0,3.0,0.0,17.0,25.0,78.509445
8.0,1.0,3.0,0.0,18.0,89.0,78.38532
8.0,1.0,3.0,0.0,19.0,95.0,78.260735
8.0,1.0,3.0,0.0,20.0,93.0,78.19827
8.0,1.0,3.0,0.0,21.0,94.0,78.04161
8.0,1.0,3.0,0.0,22.0,98.0,78.073
8.0,1.0,3.0,0.0,23.0,99.0,78.010185
9.0,0.0,0.0,0.0,0.0,97.0,87.901184
9.0,0.0,0.0,0.0,1.0,92.0,87.941414
9.0,0.0,0.0,0.0,2.0,87.0,87.941414
9.0,0.0,0.0,0.0,3.0,86.0,87.242226
9.0,0.0,0.0,0.0,4.0,88.0,86.10938
9.0,0.0,0.0,0.0,5.0,94.0,85.42015
9.0,0.0,0.0,0.0,6.0,76.0,84.801384
9.0,0.0,0.0,0.0,7.0,47.0,84.06245
9.0,0.0,0.0,0.0,8.0,48.0,83.14015
9.0,0.0,0.0,0.0,9.0,49.0,82.178894
9.0,0.0,0.0,0.0,10.0,43.0,81.51639
9.0,0.0,0.0,0.0,11.0,57.0,80.89391
9.0,0.0,0.0,0.0,12.0,86.0,80.49027
9.0,0.0,0.0,0.0,13.0,84.0,80.139656
9.0,0.0,0.0,0.0,14.0,84.0,79.784775
9.0,0.0,0.0,0.0,15.0,74.0,79.54582
9.0,0.0,0.0,0.0,16.0,64.0,79.305
9.0,0.0,0.0,0.0,17.0,45.0,79.18388
9.0,0.0,0.0,0.0,18.0,62.0,79.031845
9.0,0.0,0.0,0.0,19.0,88.0,78.81775
9.0,0.0,0.0,0.0,20.0,90.0,78.72556
9.0,0.0,0.0,0.0,21.0,93.0,78.60224
9.0,0.0,0.0,0.0,22.0,97.0,78.47846
9.0,0.0,0.0,0.0,23.0,98.0,78.44745
9.0,0.0,1.0,0.0,0.0,99.0,88.29857
9.0,0.0,1.0,0.0,1.0,86.0,88.376724
9.0,0.0,1.0,0.0,2.0,81.0,88.180504
9.0,0.0,1.0,0.0,3.0,81.0,87.65743
9.0,0.0,1.0,0.0,4.0,79.0,86.46623
9.0,0.0,1.0,0.0,5.0,93.0,85.51357
9.0,0.0,1.0,0.0,6.0,83.0,84.55805
9.0,0.0,1.0,0.0,7.0,68.0,83.34847
9.0,0.0,1.0,0.0,8.0,56.0,82.28762
9.0,0.0,1.0,0.0,9.0,67.0,81.34806
9.0,0.0,1.0,0.0,10.0,40.0,80.66398
9.0,0.0,1.0,0.0,11.0,57.0,80.257
9.0,0.0,1.0,0.0,12.0,83.0,79.784775
9.0,0.0,1.0,0.0,13.0,78.0,79.485794
9.0,0.0,1.0,0.0,14.0,79.0,79.24451
9.0,0.0,1.0,0.0,15.0,72.0,79.06231
9.0,0.0,1.0,0.0,16.0,72.0,78.87906
9.0,0.0,1.0,0.0,17.0,74.0,78.66396
9.0,0.0,1.0,0.0,18.0,71.0,78.63312
9.0,0.0,1.0,0.0,19.0,81.0,78.47846
9.0,0.0,1.0,0.0,20.0,81.0,78.38532
9.0,0.0,1.0,0.0,21.0,85.0,78.32308
9.0,0.0,1.0,0.0,22.0,92.0,78.16699
9.0,0.0,1.0,0.0,23.0,96.0,78.229515
9.0,0.0,2.0,0.0,0.0,98.0,88.57022
9.0,0.0,2.0,0.0,1.0,90.0,88.53173
9.0,0.0,2.0,0.0,2.0,86.0,88.29857
9.0,0.0,2.0,0.0,3.0,83.0,87.860825
9.0,0.0,2.0,0.0,4.0,83.0,86.59815
9.0,0.0,2.0,0.0,5.0,93.0,85.32626
9.0,0.0,2.0,0.0,6.0,85.0,84.06245
9.0,0.0,2.0,0.0,7.0,50.0,82.824066
9.0,0.0,2.0,0.0,8.0,46.0,81.79454
9.0,0.0,2.0,0.0,9.0,57.0,80.951096
9.0,0.0,2.0,0.0,10.0,51.0,80.31549
9.0,0.0,2.0,0.0,11.0,64.0,79.84422
9.0,0.0,2.0,0.0,12.0,84.0,79.54582
9.0,0.0,2.0,0.0,13.0,81.0,79.18388
9.0,0.0,2.0,0.0,14.0,79.0,79.06231
9.0,0.0,2.0,0.0,15.0,75.0,78.87906
9.0,0.0,2.0,0.0,16.0,74.0,78.66396
9.0,0.0,2.0,0.0,17.0,65.0,78.540405
9.0,0.0,2.0,0.0,18.0,34.0,78.4164
9.0,0.0,2.0,0.0,19.0,37.0,78.32308
9.0,0.0,2.0,0.0,20.0,81.0,78.260735
9.0,0.0,2.0,0.0,21.0,87.0,78.16699
9.0,0.0,2.0,0.0,22.0,94.0,78.04161
9.0,0.0,2.0,0.0,23.0,97.0,78.04161
9.0,0.0,3.0,0.0,0.0,98.0,88.60859
9.0,0.0,3.0,0.0,1.0,96.0,88.53173
9.0,0.0,3.0,0.0,2.0,93.0,88.14093
9.0,0.0,3.0,0.0,3.0,89.0,87.4927
9.0,0.0,3.0,0.0,4.0,89.0,86.51032
9.0,0.0,3.0,0.0,5.0,95.0,85.23189
9.0,0.0,3.0,0.0,6.0,85.0,83.860855
9.0,0.0,3.0,0.0,7.0,40.0,82.6644
9.0,0.0,3.0,0.0,8.0,39.0,81.628006
9.0,0.0,3.0,0.0,9.0,51.0,80.83661
9.0,0.0,3.0,0.0,10.0,69.0,80.257
9.0,0.0,3.0,0.0,11.0,68.0,79.784775
9.0,0.0,3.0,0.0,12.0,87.0,79.485794
9.0,0.0,3.0,0.0,13.0,84.0,79.24451
9.0,0.0,3.0,0.0,14.0,81.0,78.97081
9.0,0.0,3.0,0.0,15.0,81.0,78.81775
9.0,0.0,3.0,0.0,16.0,78.0,78.63312
9.0,0.0,3.0,0.0,17.0,58.0,78.47846
9.0,0.0,3.0,0.0,18.0,23.0,78.38532
9.0,0.0,3.0,0.0,19.0,25.0,78.260735
9.0,0.0,3.0,0.0,20.0,78.0,78.260735
9.0,0.0,3.0,0.0,21.0,89.0,78.13569
9.0,0.0,3.0,0.0,22.0,95.0,78.010185
9.0,0.0,3.0,0.0,23.0,99.0,78.04161
9.0,1.0,0.0,0.0,0.0,96.0,88.02155
9.0,1.0,0.0,0.0,1.0,92.0,88.14093
9.0,1.0,0.0,0.0,2.0,92.0,88.02155
9.0,1.0,0.0,0.0,3.0,95.0,87.45124
9.0,1.0,0.0,0.0,4.0,95.0,86.377716
9.0,1.0,0.0,0.0,5.0,97.0,85.42015
9.0,1.0,0.0,0.0,6.0,92.0,84.704414
9.0,1.0,0.0,0.0,7.0,72.0,83.96189
9.0,1.0,0.0,0.0,8.0,55.0,82.92991
9.0,1.0,0.0,0.0,9.0,70.0,81.95998
9.0,1.0,0.0,0.0,10.0,54.0,81.235245
9.0,1.0,0.0,0.0,11.0,33.0,80.66398
9.0,1.0,0.0,0.0,12.0,34.0,80.198395
9.0,1.0,0.0,0.0,13.0,30.0,79.962746
9.0,1.0,0.0,0.0,14.0,35.0,79.66554
9.0,1.0,0.0,0.0,15.0,33.0,79.485794
9.0,1.0,0.0,0.0,16.0,30.0,79.305
9.0,1.0,0.0,0.0,17.0,43.0,79.06231
9.0,1.0,0.0,0.0,18.0,80.0,78.94026
9.0,1.0,0.0,0.0,19.0,88.0,78.78705
9.0,1.0,0.0,0.0,20.0,91.0,78.63312
9.0,1.0,0.0,0.0,21.0,85.0,78.540405
9.0,1.0,0.0,0.0,22.0,90.0,78.509445
9.0,1.0,0.0,0.0,23.0,96.0,78.35422
9.0,1.0,1.0,0.0,0.0,97.0,88.376724
9.0,1.0,1.0,0.0,1.0,100.0,88.454445
9.0,1.0,1.0,0.0,2.0,99.0,88.21996
9.0,1.0,1.0,0.0,3.0,99.0,87.77981
9.0,1.0,1.0,0.0,4.0,99.0,86.772415
9.0,1.0,1.0,0.0,5.0,99.0,85.46692
9.0,1.0,1.0,0.0,6.0,93.0,84.50903
9.0,1.0,1.0,0.0,7.0,71.0,83.24455
9.0,1.0,1.0,0.0,8.0,68.0,82.233315
9.0,1.0,1.0,0.0,9.0,81.0,81.29171
9.0,1.0,1.0,0.0,10.0,64.0,80.606186
9.0,1.0,1.0,0.0,11.0,48.0,80.0808
9.0,1.0,1.0,0.0,12.0,20.0,79.784775
9.0,1.0,1.0,0.0,13.0,20.0,79.485794
9.0,1.0,1.0,0.0,14.0,23.0,79.24451
9.0,1.0,1.0,0.0,15.0,24.0,79.00134
9.0,1.0,1.0,0.0,16.0,24.0,78.84842
9.0,1.0,1.0,0.0,17.0,30.0,78.69478
9.0,1.0,1.0,0.0,18.0,59.0,78.63312
9.0,1.0,1.0,0.0,19.0,74.0,78.47846
9.0,1.0,1.0,0.0,20.0,78.0,78.4164
9.0,1.0,1.0,0.0,21.0,73.0,78.32308
9.0,1.0,1.0,0.0,22.0,79.0,78.260735
9.0,1.0,1.0,0.0,23.0,89.0,78.13569
9.0,1.0,2.0,0.0,0.0,97.0,88.57022
9.0,1.0,2.0,0.0,1.0,100.0,88.57022
9.0,1.0,2.0,0.0,2.0,99.0,88.21996
9.0,1.0,2.0,0.0,3.0,99.0,87.77981
9.0,1.0,2.0,0.0,4.0,99.0,86.8157
9.0,1.0,2.0,0.0,5.0,99.0,85.51357
9.0,1.0,2.0,0.0,6.0,95.0,84.21239
9.0,1.0,2.0,0.0,7.0,68.0,82.87705
9.0,1.0,2.0,0.0,8.0,43.0,81.84981
9.0,1.0,2.0,0.0,9.0,70.0,81.00817
9.0,1.0,2.0,0.0,10.0,51.0,80.43213
9.0,1.0,2.0,0.0,11.0,26.0,79.903534
9.0,1.0,2.0,0.0,12.0,17.0,79.54582
9.0,1.0,2.0,0.0,13.0,19.0,79.305
9.0,1.0,2.0,0.0,14.0,24.0,79.06231
9.0,1.0,2.0,0.0,15.0,28.0,78.90968
9.0,1.0,2.0,0.0,16.0,32.0,78.72556
9.0,1.0,2.0,0.0,17.0,41.0,78.63312
9.0,1.0,2.0,0.0,18.0,67.0,78.44745
9.0,1.0,2.0,0.0,19.0,78.0,78.32308
9.0,1.0,2.0,0.0,20.0,79.0,78.29192
9.0,1.0,2.0,0.0,21.0,76.0,78.13569
9.0,1.0,2.0,0.0,22.0,83.0,78.16699
9.0,1.0,2.0,0.0,23.0,92.0,78.13569
9.0,1.0,3.0,0.0,0.0,97.0,88.49314
9.0,1.0,3.0,0.0,1.0,100.0,88.41564
9.0,1.0,3.0,0.0,2.0,99.0,87.981544
9.0,1.0,3.0,0.0,3.0,99.0,87.4927
9.0,1.0,3.0,0.0,4.0,99.0,86.68551
9.0,1.0,3.0,0.0,5.0,100.0,85.60652
9.0,1.0,3.0,0.0,6.0,97.0,84.26212
9.0,1.0,3.0,0.0,7.0,62.0,82.92991
9.0,1.0,3.0,0.0,8.0,30.0,81.84981
9.0,1.0,3.0,0.0,9.0,52.0,81.00817
9.0,1.0,3.0,0.0,10.0,40.0,80.43213
9.0,1.0,3.0,0.0,11.0,18.0,80.021835
9.0,1.0,3.0,0.0,12.0,16.0,79.60574
9.0,1.0,3.0,0.0,13.0,19.0,79.305
9.0,1.0,3.0,0.0,14.0,24.0,79.06231
9.0,1.0,3.0,0.0,15.0,32.0,78.90968
9.0,1.0,3.0,0.0,16.0,44.0,78.756325
9.0,1.0,3.0,0.0,17.0,62.0,78.540405
9.0,1.0,3.0,0.0,18.0,80.0,78.44745
9.0,1.0,3.0,0.0,19.0,83.0,78.38532
9.0,1.0,3.0,0.0,20.0,83.0,78.229515
9.0,1.0,3.0,0.0,21.0,81.0,78.13569
9.0,1.0,3.0,0.0,22.0,87.0,78.073
9.0,1.0,3.0,0.0,23.0,96.0,78.104355
10.0,0.0,0.0,0.0,0.0,95.0,87.860825
10.0,0.0,0.0,0.0,1.0,93.0,87.901184
10.0,0.0,0.0,0.0,2.0,87.0,87.860825
10.0,0.0,0.0,0.0,3.0,86.0,87.36797
10.0,0.0,0.0,0.0,4.0,87.0,86.377716
10.0,0.0,0.0,0.0,5.0,94.0,85.46692
10.0,0.0,0.0,0.0,6.0,68.0,84.99391
10.0,0.0,0.0,0.0,7.0,49.0,84.41063
10.0,0.0,0.0,0.0,8.0,55.0,83.759346
10.0,0.0,0.0,0.0,9.0,30.0,82.87705
10.0,0.0,0.0,0.0,10.0,33.0,81.95998
10.0,0.0,0.0,0.0,11.0,60.0,81.460396
10.0,0.0,0.0,0.0,12.0,88.0,80.83661
10.0,0.0,0.0,0.0,13.0,87.0,80.403015
10.0,0.0,0.0,0.0,14.0,84.0,80.139656
10.0,0.0,0.0,0.0,15.0,84.0,79.784775
10.0,0.0,0.0,0.0,16.0,73.0,79.60574
10.0,0.0,0.0,0.0,17.0,52.0,79.335205
10.0,0.0,0.0,0.0,18.0,27.0,79.24451
10.0,0.0,0.0,0.0,19.0,56.0,79.00134
10.0,0.0,0.0,0.0,20.0,89.0,78.90968
10.0,0.0,0.0,0.0,21.0,90.0,78.69478
10.0,0.0,0.0,0.0,22.0,91.0,78.63312
10.0,0.0,0.0,0.0,23.0,92.0,78.540405
10.0,0.0,1.0,0.0,0.0,98.0,88.25932
10.0,0.0,1.0,0.0,1.0,92.0,88.29857
10.0,0.0,1.0,0.0,2.0,80.0,88.180504
10.0,0.0,1.0,0.0,3.0,76.0,87.73912
10.0,0.0,1.0,0.0,4.0,79.0,86.59815
10.0,0.0,1.0,0.0,5.0,92.0,85.699005
10.0,0.0,1.0,0.0,6.0,65.0,84.94595
10.0,0.0,1.0,0.0,7.0,68.0,84.01223
10.0,0.0,1.0,0.0,8.0,68.0,82.98265
10.0,0.0,1.0,0.0,9.0,53.0,82.06967
10.0,0.0,1.0,0.0,10.0,55.0,81.235245
10.0,0.0,1.0,0.0,11.0,79.0,80.606186
10.0,0.0,1.0,0.0,12.0,88.0,80.139656
10.0,0.0,1.0,0.0,13.0,85.0,79.84422
10.0,0.0,1.0,0.0,14.0,81.0,79.54582
10.0,0.0,1.0,0.0,15.0,80.0,79.24451
10.0,0.0,1.0,0.0,16.0,76.0,79.06231
10.0,0.0,1.0,0.0,17.0,78.0,78.94026
10.0,0.0,1.0,0.0,18.0,75.0,78.72556
10.0,0.0,1.0,0.0,19.0,74.0,78.69478
10.0,0.0,1.0,0.0,20.0,85.0,78.44745
10.0,0.0,1.0,0.0,21.0,90.0,78.38532
10.0,0.0,1.0,0.0,22.0,96.0,78.35422
10.0,0.0,1.0,0.0,23.0,99.0,78.29192
10.0,0.0,2.0,0.0,0.0,99.0,88.49314
10.0,0.0,2.0,0.0,1.0,93.0,88.57022
10.0,0.0,2.0,0.0,2.0,84.0,88.29857
10.0,0.0,2.0,0.0,3.0,79.0,87.981544
10.0,0.0,2.0,0.0,4.0,81.0,86.8157
10.0,0.0,2.0,0.0,5.0,93.0,85.652824
10.0,0.0,2.0,0.0,6.0,73.0,84.60696
10.0,0.0,2.0,0.0,7.0,72.0,83.45191
10.0,0.0,2.0,0.0,8.0,74.0,82.44982
10.0,0.0,2.0,0.0,9.0,64.0,81.51639
10.0,0.0,2.0,0.0,10.0,60.0,80.83661
10.0,0.0,2.0,0.0,11.0,75.0,80.257
10.0,0.0,2.0,0.0,12.0,88.0,79.84422
10.0,0.0,2.0,0.0,13.0,86.0,79.54582
10.0,0.0,2.0,0.0,14.0,83.0,79.305
10.0,0.0,2.0,0.0,15.0,82.0,79.06231
10.0,0.0,2.0,0.0,16.0,78.0,78.87906
10.0,0.0,2.0,0.0,17.0,77.0,78.66396
10.0,0.0,2.0,0.0,18.0,75.0,78.571335
10.0,0.0,2.0,0.0,19.0,75.0,78.44745
10.0,0.0,2.0,0.0,20.0,86.0,78.38532
10.0,0.0,2.0,0.0,21.0,90.0,78.260735
10.0,0.0,2.0,0.0,22.0,93.0,78.16699
10.0,0.0,2.0,0.0,23.0,97.0,78.104355
10.0,0.0,3.0,0.0,0.0,99.0,88.60859
10.0,0.0,3.0,0.0,1.0,93.0,88.57022
10.0,0.0,3.0,0.0,2.0,89.0,88.180504
10.0,0.0,3.0,0.0,3.0,86.0,87.73912
10.0,0.0,3.0,0.0,4.0,85.0,86.72902
10.0,0.0,3.0,0.0,5.0,96.0,85.60652
10.0,0.0,3.0,0.0,6.0,85.0,84.41063
10.0,0.0,3.0,0.0,7.0,75.0,83.19241
10.0,0.0,3.0,0.0,8.0,81.0,82.12434
10.0,0.0,3.0,0.0,9.0,78.0,81.29171
10.0,0.0,3.0,0.0,10.0,62.0,80.66398
10.0,0.0,3.0,0.0,11.0,61.0,80.139656
10.0,0.0,3.0,0.0,12.0,87.0,79.72521
10.0,0.0,3.0,0.0,13.0,88.0,79.425644
10.0,0.0,3.0,0.0,14.0,85.0,79.18388
10.0,0.0,3.0,0.0,15.0,83.0,78.97081
10.0,0.0,3.0,0.0,16.0,81.0,78.72556
10.0,0.0,3.0,0.0,17.0,75.0,78.571335
10.0,0.0,3.0,0.0,18.0,70.0,78.540405
10.0,0.0,3.0,0.0,19.0,74.0,78.44745
10.0,0.0,3.0,0.0,20.0,86.0,78.260735
10.0,0.0,3.0,0.0,21.0,91.0,78.19827
10.0,0.0,3.0,0.0,22.0,92.0,78.13569
10.0,0.0,3.0,0.0,23.0,97.0,78.073
10.0,1.0,0.0,0.0,0.0,88.0,87.981544
10.0,1.0,0.0,0.0,1.0,86.0,88.02155
10.0,1.0,0.0,0.0,2.0,84.0,87.941414
10.0,1.0,0.0,0.0,3.0,86.0,87.575294
10.0,1.0,0.0,0.0,4.0,83.0,86.59815
10.0,1.0,0.0,0.0,5.0,89.0,85.56011
10.0,1.0,0.0,0.0,6.0,92.0,84.99391
10.0,1.0,0.0,0.0,7.0,93.0,84.311745
10.0,1.0,0.0,0.0,8.0,91.0,83.503456
10.0,1.0,0.0,0.0,9.0,91.0,82.6644
10.0,1.0,0.0,0.0,10.0,88.0,81.84981
10.0,1.0,0.0,0.0,11.0,56.0,81.235245
10.0,1.0,0.0,0.0,12.0,81.0,80.606186
10.0,1.0,0.0,0.0,13.0,92.0,80.198395
10.0,1.0,0.0,0.0,14.0,93.0,79.9923
10.0,1.0,0.0,0.0,15.0,93.0,79.72521
10.0,1.0,0.0,0.0,16.0,94.0,79.54582
10.0,1.0,0.0,0.0,17.0,94.0,79.36539
10.0,1.0,0.0,0.0,18.0,93.0,79.12315
10.0,1.0,0.0,0.0,19.0,93.0,78.94026
10.0,1.0,0.0,0.0,20.0,94.0,78.756325
10.0,1.0,0.0,0.0,21.0,94.0,78.72556
10.0,1.0,0.0,0.0,22.0,96.0,78.60224
10.0,1.0,0.0,0.0,23.0,98.0,78.540405
10.0,1.0,1.0,0.0,0.0,87.0,88.41564
10.0,1.0,1.0,0.0,1.0,87.0,88.376724
10.0,1.0,1.0,0.0,2.0,88.0,88.21996
10.0,1.0,1.0,0.0,3.0,85.0,87.77981
10.0,1.0,1.0,0.0,4.0,82.0,86.98767
10.0,1.0,1.0,0.0,5.0,89.0,85.791016
10.0,1.0,1.0,0.0,6.0,90.0,84.94595
10.0,1.0,1.0,0.0,7.0,94.0,83.91144
10.0,1.0,1.0,0.0,8.0,93.0,82.87705
10.0,1.0,1.0,0.0,9.0,87.0,81.90495
10.0,1.0,1.0,0.0,10.0,77.0,81.12195
10.0,1.0,1.0,0.0,11.0,69.0,80.548294
10.0,1.0,1.0,0.0,12.0,78.0,80.021835
10.0,1.0,1.0,0.0,13.0,87.0,79.784775
10.0,1.0,1.0,0.0,14.0,87.0,79.54582
10.0,1.0,1.0,0.0,15.0,88.0,79.24451
10.0,1.0,1.0,0.0,16.0,91.0,79.06231
10.0,1.0,1.0,0.0,17.0,92.0,78.87906
10.0,1.0,1.0,0.0,18.0,91.0,78.756325
10.0,1.0,1.0,0.0,19.0,93.0,78.60224
10.0,1.0,1.0,0.0,20.0,93.0,78.44745
10.0,1.0,1.0,0.0,21.0,95.0,78.4164
10.0,1.0,1.0,0.0,22.0,96.0,78.32308
10.0,1.0,1.0,0.0,23.0,99.0,78.29192
10.0,1.0,2.0,0.0,0.0,88.0,88.53173
10.0,1.0,2.0,0.0,1.0,87.0,88.53173
10.0,1.0,2.0,0.0,2.0,89.0,88.180504
10.0,1.0,2.0,0.0,3.0,87.0,87.82037
10.0,1.0,2.0,0.0,4.0,82.0,87.11546
10.0,1.0,2.0,0.0,5.0,89.0,85.88257
10.0,1.0,2.0,0.0,6.0,91.0,84.704414
10.0,1.0,2.0,0.0,7.0,94.0,83.55486
10.0,1.0,2.0,0.0,8.0,94.0,82.44982
10.0,1.0,2.0,0.0,9.0,89.0,81.57225
10.0,1.0,2.0,0.0,10.0,80.0,80.83661
10.0,1.0,2.0,0.0,11.0,55.0,80.257
10.0,1.0,2.0,0.0,12.0,45.0,79.84422
10.0,1.0,2.0,0.0,13.0,85.0,79.60574
10.0,1.0,2.0,0.0,14.0,89.0,79.305
10.0,1.0,2.0,0.0,15.0,90.0,79.09274
10.0,1.0,2.0,0.0,16.0,92.0,78.90968
10.0,1.0,2.0,0.0,17.0,93.0,78.72556
10.0,1.0,2.0,0.0,18.0,92.0,78.60224
10.0,1.0,2.0,0.0,19.0,93.0,78.509445
10.0,1.0,2.0,0.0,20.0,93.0,78.38532
10.0,1.0,2.0,0.0,21.0,95.0,78.32308
10.0,1.0,2.0,0.0,22.0,98.0,78.260735
10.0,1.0,2.0,0.0,23.0,99.0,78.229515
10.0,1.0,3.0,0.0,0.0,89.0,88.53173
10.0,1.0,3.0,0.0,1.0,87.0,88.49314
10.0,1.0,3.0,0.0,2.0,90.0,88.061455
10.0,1.0,3.0,0.0,3.0,88.0,87.61642
10.0,1.0,3.0,0.0,4.0,85.0,86.944855
10.0,1.0,3.0,0.0,5.0,92.0,85.92816
10.0,1.0,3.0,0.0,6.0,92.0,84.704414
10.0,1.0,3.0,0.0,7.0,94.0,83.45191
10.0,1.0,3.0,0.0,8.0,94.0,82.341805
10.0,1.0,3.0,0.0,9.0,90.0,81.51639
10.0,1.0,3.0,0.0,10.0,76.0,80.89391
10.0,1.0,3.0,0.0,11.0,40.0,80.31549
10.0,1.0,3.0,0.0,12.0,30.0,79.84422
10.0,1.0,3.0,0.0,13.0,78.0,79.485794
10.0,1.0,3.0,0.0,14.0,91.0,79.24451
10.0,1.0,3.0,0.0,15.0,92.0,79.06231
10.0,1.0,3.0,0.0,16.0,93.0,78.84842
10.0,1.0,3.0,0.0,17.0,94.0,78.78705
10.0,1.0,3.0,0.0,18.0,93.0,78.60224
10.0,1.0,3.0,0.0,19.0,94.0,78.4164
10.0,1.0,3.0,0.0,20.0,95.0,78.35422
10.0,1.0,3.0,0.0,21.0,98.0,78.29192
10.0,1.0,3.0,0.0,22.0,99.0,78.16699
10.0,1.0,3.0,0.0,23.0,100.0,78.16699
11.0,0.0,0.0,0.0,0.0,92.0,87.860825
11.0,0.0,0.0,0.0,1.0,90.0,87.941414
11.0,0.0,0.0,0.0,2.0,86.0,87.860825
11.0,0.0,0.0,0.0,3.0,84.0,87.40966
11.0,0.0,0.0,0.0,4.0,85.0,86.55429
11.0,0.0,0.0,0.0,5.0,91.0,85.652824
11.0,0.0,0.0,0.0,6.0,84.0,85.089455
11.0,0.0,0.0,0.0,7.0,69.0,84.65575
11.0,0.0,0.0,0.0,8.0,52.0,84.16253
11.0,0.0,0.0,0.0,9.0,40.0,83.400246
11.0,0.0,0.0,0.0,10.0,40.0,82.6644
11.0,0.0,0.0,0.0,11.0,20.0,81.84981
11.0,0.0,0.0,0.0,12.0,84.0,81.34806
11.0,0.0,0.0,0.0,13.0,87.0,80.89391
11.0,0.0,0.0,0.0,14.0,74.0,80.46121
11.0,0.0,0.0,0.0,15.0,83.0,80.110245
11.0,0.0,0.0,0.0,16.0,62.0,79.84422
11.0,0.0,0.0,0.0,17.0,38.0,79.60574
11.0,0.0,0.0,0.0,18.0,62.0,79.39553
11.0,0.0,0.0,0.0,19.0,86.0,79.24451
11.0,0.0,0.0,0.0,20.0,88.0,79.06231
11.0,0.0,0.0,0.0,21.0,89.0,78.90968
11.0,0.0,0.0,0.0,22.0,68.0,78.756325
11.0,0.0,0.0,0.0,23.0,87.0,78.63312
11.0,0.0,1.0,0.0,0.0,97.0,88.25932
11.0,0.0,1.0,0.0,1.0,93.0,88.25932
11.0,0.0,1.0,0.0,2.0,82.0,88.14093
11.0,0.0,1.0,0.0,3.0,78.0,87.77981
11.0,0.0,1.0,0.0,4.0,80.0,86.772415
11.0,0.0,1.0,0.0,5.0,93.0,85.74507
11.0,0.0,1.0,0.0,6.0,83.0,85.13706
11.0,0.0,1.0,0.0,7.0,81.0,84.459885
11.0,0.0,1.0,0.0,8.0,82.0,83.65734
11.0,0.0,1.0,0.0,9.0,51.0,82.71774
11.0,0.0,1.0,0.0,10.0,25.0,81.84981
11.0,0.0,1.0,0.0,11.0,77.0,81.12195
11.0,0.0,1.0,0.0,12.0,83.0,80.66398
11.0,0.0,1.0,0.0,13.0,85.0,80.198395
11.0,0.0,1.0,0.0,14.0,81.0,79.784775
11.0,0.0,1.0,0.0,15.0,77.0,79.57579
11.0,0.0,1.0,0.0,16.0,73.0,79.36539
11.0,0.0,1.0,0.0,17.0,73.0,79.12315
11.0,0.0,1.0,0.0,18.0,73.0,78.87906
11.0,0.0,1.0,0.0,19.0,84.0,78.87906
11.0,0.0,1.0,0.0,20.0,86.0,78.63312
11.0,0.0,1.0,0.0,21.0,92.0,78.60224
11.0,0.0,1.0,0.0,22.0,93.0,78.509445
11.0,0.0,1.0,0.0,23.0,98.0,78.35422
11.0,0.0,2.0,0.0,0.0,96.0,88.454445
11.0,0.0,2.0,0.0,1.0,93.0,88.454445
11.0,0.0,2.0,0.0,2.0,82.0,88.25932
11.0,0.0,2.0,0.0,3.0,80.0,87.901184
11.0,0.0,2.0,0.0,4.0,83.0,87.07298
11.0,0.0,2.0,0.0,5.0,92.0,85.92816
11.0,0.0,2.0,0.0,6.0,84.0,84.99391
11.0,0.0,2.0,0.0,7.0,81.0,83.96189
11.0,0.0,2.0,0.0,8.0,80.0,83.087776
11.0,0.0,2.0,0.0,9.0,48.0,82.12434
11.0,0.0,2.0,0.0,10.0,25.0,81.34806
11.0,0.0,2.0,0.0,11.0,70.0,80.66398
11.0,0.0,2.0,0.0,12.0,59.0,80.257
11.0,0.0,2.0,0.0,13.0,86.0,79.784775
11.0,0.0,2.0,0.0,14.0,81.0,79.60574
11.0,0.0,2.0,0.0,15.0,56.0,79.305
11.0,0.0,2.0,0.0,16.0,40.0,79.06231
11.0,0.0,2.0,0.0,17.0,64.0,78.87906
11.0,0.0,2.0,0.0,18.0,61.0,78.69478
11.0,0.0,2.0,0.0,19.0,75.0,78.571335
11.0,0.0,2.0,0.0,20.0,87.0,78.44745
11.0,0.0,2.0,0.0,21.0,92.0,78.38532
11.0,0.0,2.0,0.0,22.0,91.0,78.260735
11.0,0.0,2.0,0.0,23.0,91.0,78.16699
11.0,0.0,3.0,0.0,0.0,96.0,88.57022
11.0,0.0,3.0,0.0,1.0,94.0,88.53173
11.0,0.0,3.0,0.0,2.0,87.0,88.25932
11.0,0.0,3.0,0.0,3.0,84.0,87.901184
11.0,0.0,3.0,0.0,4.0,84.0,86.98767
11.0,0.0,3.0,0.0,5.0,93.0,85.88257
11.0,0.0,3.0,0.0,6.0,85.0,84.801384
11.0,0.0,3.0,0.0,7.0,81.0,83.708405
11.0,0.0,3.0,0.0,8.0,78.0,82.6644
11.0,0.0,3.0,0.0,9.0,49.0,81.79454
11.0,0.0,3.0,0.0,10.0,30.0,81.12195
11.0,0.0,3.0,0.0,11.0,70.0,80.49027
11.0,0.0,3.0,0.0,12.0,48.0,80.021835
11.0,0.0,3.0,0.0,13.0,87.0,79.66554
11.0,0.0,3.0,0.0,14.0,82.0,79.36539
11.0,0.0,3.0,0.0,15.0,49.0,79.18388
11.0,0.0,3.0,0.0,16.0,32.0,78.97081
11.0,0.0,3.0,0.0,17.0,60.0,78.81775
11.0,0.0,3.0,0.0,18.0,53.0,78.60224
11.0,0.0,3.0,0.0,19.0,65.0,78.540405
11.0,0.0,3.0,0.0,20.0,89.0,78.4164
11.0,0.0,3.0,0.0,21.0,93.0,78.32308
11.0,0.0,3.0,0.0,22.0,91.0,78.19827
11.0,0.0,3.0,0.0,23.0,87.0,78.13569
11.0,1.0,0.0,0.0,0.0,94.0,87.941414
11.0,1.0,0.0,0.0,1.0,94.0,87.981544
11.0,1.0,0.0,0.0,2.0,94.0,87.901184
11.0,1.0,0.0,0.0,3.0,89.0,87.61642
11.0,1.0,0.0,0.0,4.0,87.0,86.772415
11.0,1.0,0.0,0.0,5.0,92.0,85.791016
11.0,1.0,0.0,0.0,6.0,85.0,85.089455
11.0,1.0,0.0,0.0,7.0,85.0,84.60696
11.0,1.0,0.0,0.0,8.0,85.0,84.01223
11.0,1.0,0.0,0.0,9.0,64.0,83.19241
11.0,1.0,0.0,0.0,10.0,50.0,82.44982
11.0,1.0,0.0,0.0,11.0,51.0,81.73914
11.0,1.0,0.0,0.0,12.0,42.0,81.12195
11.0,1.0,0.0,0.0,13.0,29.0,80.66398
11.0,1.0,0.0,0.0,14.0,33.0,80.28627
11.0,1.0,0.0,0.0,15.0,38.0,79.962746
11.0,1.0,0.0,0.0,16.0,28.0,79.72521
11.0,1.0,0.0,0.0,17.0,25.0,79.485794
11.0,1.0,0.0,0.0,18.0,50.0,79.36539
11.0,1.0,0.0,0.0,19.0,74.0,79.12315
11.0,1.0,0.0,0.0,20.0,82.0,78.97081
11.0,1.0,0.0,0.0,21.0,87.0,78.90968
11.0,1.0,0.0,0.0,22.0,91.0,78.756325
11.0,1.0,0.0,0.0,23.0,96.0,78.60224
11.0,1.0,1.0,0.0,0.0,98.0,88.376724
11.0,1.0,1.0,0.0,1.0,98.0,88.33769
11.0,1.0,1.0,0.0,2.0,96.0,88.180504
11.0,1.0,1.0,0.0,3.0,89.0,87.860825
11.0,1.0,1.0,0.0,4.0,84.0,87.11546
11.0,1.0,1.0,0.0,5.0,95.0,85.97364
11.0,1.0,1.0,0.0,6.0,87.0,85.089455
11.0,1.0,1.0,0.0,7.0,86.0,84.361244
11.0,1.0,1.0,0.0,8.0,84.0,83.45191
11.0,1.0,1.0,0.0,9.0,73.0,82.50365
11.0,1.0,1.0,0.0,10.0,72.0,81.73914
11.0,1.0,1.0,0.0,11.0,37.0,81.06512
11.0,1.0,1.0,0.0,12.0,78.0,80.548294
11.0,1.0,1.0,0.0,13.0,36.0,80.0808
11.0,1.0,1.0,0.0,14.0,38.0,79.84422
11.0,1.0,1.0,0.0,15.0,48.0,79.54582
11.0,1.0,1.0,0.0,16.0,59.0,79.305
11.0,1.0,1.0,0.0,17.0,53.0,79.12315
11.0,1.0,1.0,0.0,18.0,42.0,79.00134
11.0,1.0,1.0,0.0,19.0,68.0,78.81775
11.0,1.0,1.0,0.0,20.0,81.0,78.66396
11.0,1.0,1.0,0.0,21.0,86.0,78.540405
11.0,1.0,1.0,0.0,22.0,93.0,78.44745
11.0,1.0,1.0,0.0,23.0,99.0,78.32308
11.0,1.0,2.0,0.0,0.0,98.0,88.53173
11.0,1.0,2.0,0.0,1.0,97.0,88.53173
11.0,1.0,2.0,0.0,2.0,97.0,88.25932
11.0,1.0,2.0,0.0,3.0,88.0,87.860825
11.0,1.0,2.0,0.0,4.0,87.0,87.32617
11.0,1.0,2.0,0.0,5.0,95.0,86.06425
11.0,1.0,2.0,0.0,6.0,88.0,85.13706
11.0,1.0,2.0,0.0,7.0,88.0,84.06245
11.0,1.0,2.0,0.0,8.0,85.0,83.03528
11.0,1.0,2.0,0.0,9.0,71.0,82.178894
11.0,1.0,2.0,0.0,10.0,50.0,81.34806
11.0,1.0,2.0,0.0,11.0,21.0,80.77919
11.0,1.0,2.0,0.0,12.0,53.0,80.198395
11.0,1.0,2.0,0.0,13.0,42.0,79.84422
11.0,1.0,2.0,0.0,14.0,37.0,79.54582
11.0,1.0,2.0,0.0,15.0,49.0,79.305
11.0,1.0,2.0,0.0,16.0,59.0,79.06231
11.0,1.0,2.0,0.0,17.0,50.0,78.94026
11.0,1.0,2.0,0.0,18.0,40.0,78.756325
11.0,1.0,2.0,0.0,19.0,60.0,78.66396
11.0,1.0,2.0,0.0,20.0,84.0,78.540405
11.0,1.0,2.0,0.0,21.0,85.0,78.44745
11.0,1.0,2.0,0.0,22.0,48.0,78.32308
11.0,1.0,2.0,0.0,23.0,88.0,78.260735
11.0,1.0,3.0,0.0,0.0,98.0,88.53173
11.0,1.0,3.0,0.0,1.0,97.0,88.49314
11.0,1.0,3.0,0.0,2.0,97.0,88.180504
11.0,1.0,3.0,0.0,3.0,88.0,87.77981
11.0,1.0,3.0,0.0,4.0,91.0,87.15783
11.0,1.0,3.0,0.0,5.0,96.0,86.10938
11.0,1.0,3.0,0.0,6.0,89.0,85.089455
11.0,1.0,3.0,0.0,7.0,90.0,83.96189
11.0,1.0,3.0,0.0,8.0,86.0,82.824066
11.0,1.0,3.0,0.0,9.0,66.0,81.95998
11.0,1.0,3.0,0.0,10.0,35.0,81.235245
11.0,1.0,3.0,0.0,11.0,18.0,80.66398
11.0,1.0,3.0,0.0,12.0,39.0,80.198395
11.0,1.0,3.0,0.0,13.0,46.0,79.784775
11.0,1.0,3.0,0.0,14.0,34.0,79.485794
11.0,1.0,3.0,0.0,15.0,45.0,79.24451
11.0,1.0,3.0,0.0,16.0,55.0,79.06231
11.0,1.0,3.0,0.0,17.0,46.0,78.84842
11.0,1.0,3.0,0.0,18.0,39.0,78.72556
11.0,1.0,3.0,0.0,19.0,56.0,78.540405
11.0,1.0,3.0,0.0,20.0,86.0,78.509445
11.0,1.0,3.0,0.0,21.0,85.0,78.4164
11.0,1.0,3.0,0.0,22.0,38.0,78.32308
11.0,1.0,3.0,0.0,23.0,81.0,78.19827
12.0,0.0,0.0,0.0,0.0,96.0,87.860825
12.0,0.0,0.0,0.0,1.0,94.0,87.860825
12.0,0.0,0.0,0.0,2.0,87.0,87.82037
12.0,0.0,0.0,0.0,3.0,83.0,87.45124
12.0,0.0,0.0,0.0,4.0,83.0,86.72902
12.0,0.0,0.0,0.0,5.0,92.0,85.791016
12.0,0.0,0.0,0.0,6.0,86.0,85.13706
12.0,0.0,0.0,0.0,7.0,79.0,84.801384
12.0,0.0,0.0,0.0,8.0,78.0,84.361244
12.0,0.0,0.0,0.0,9.0,79.0,83.759346
12.0,0.0,0.0,0.0,10.0,68.0,83.087776
12.0,0.0,0.0,0.0,11.0,71.0,82.395874
12.0,0.0,0.0,0.0,12.0,80.0,81.79454
12.0,0.0,0.0,0.0,13.0,83.0,81.29171
12.0,0.0,0.0,0.0,14.0,85.0,80.807915
12.0,0.0,0.0,0.0,15.0,85.0,80.46121
12.0,0.0,0.0,0.0,16.0,83.0,80.110245
12.0,0.0,0.0,0.0,17.0,77.0,79.903534
12.0,0.0,0.0,0.0,18.0,80.0,79.66554
12.0,0.0,0.0,0.0,19.0,87.0,79.425644
12.0,0.0,0.0,0.0,20.0,90.0,79.18388
12.0,0.0,0.0,0.0,21.0,91.0,79.09274
12.0,0.0,0.0,0.0,22.0,93.0,78.94026
12.0,0.0,0.0,0.0,23.0,97.0,78.84842
12.0,0.0,1.0,0.0,0.0,98.0,88.25932
12.0,0.0,1.0,0.0,1.0,96.0,88.25932
12.0,0.0,1.0,0.0,2.0,81.0,88.14093
12.0,0.0,1.0,0.0,3.0,79.0,87.860825
12.0,0.0,1.0,0.0,4.0,76.0,86.98767
12.0,0.0,1.0,0.0,5.0,89.0,85.97364
12.0,0.0,1.0,0.0,6.0,88.0,85.27914
12.0,0.0,1.0,0.0,7.0,78.0,84.704414
12.0,0.0,1.0,0.0,8.0,81.0,84.01223
12.0,0.0,1.0,0.0,9.0,79.0,83.24455
12.0,0.0,1.0,0.0,10.0,68.0,82.395874
12.0,0.0,1.0,0.0,11.0,71.0,81.68364
12.0,0.0,1.0,0.0,12.0,80.0,81.06512
12.0,0.0,1.0,0.0,13.0,81.0,80.606186
12.0,0.0,1.0,0.0,14.0,82.0,80.257
12.0,0.0,1.0,0.0,15.0,83.0,79.903534
12.0,0.0,1.0,0.0,16.0,75.0,79.60574
12.0,0.0,1.0,0.0,17.0,76.0,79.39553
12.0,0.0,1.0,0.0,18.0,81.0,79.18388
12.0,0.0,1.0,0.0,19.0,88.0,78.94026
12.0,0.0,1.0,0.0,20.0,91.0,78.84842
12.0,0.0,1.0,0.0,21.0,94.0,78.69478
12.0,0.0,1.0,0.0,22.0,98.0,78.60224
12.0,0.0,1.0,0.0,23.0,92.0,78.47846
12.0,0.0,2.0,0.0,0.0,98.0,88.454445
12.0,0.0,2.0,0.0,1.0,95.0,88.49314
12.0,0.0,2.0,0.0,2.0,82.0,88.25932
12.0,0.0,2.0,0.0,3.0,81.0,87.941414
12.0,0.0,2.0,0.0,4.0,79.0,87.20009
12.0,0.0,2.0,0.0,5.0,91.0,86.06425
12.0,0.0,2.0,0.0,6.0,84.0,85.27914
12.0,0.0,2.0,0.0,7.0,70.0,84.50903
12.0,0.0,2.0,0.0,8.0,47.0,83.55486
12.0,0.0,2.0,0.0,9.0,75.0,82.71774
12.0,0.0,2.0,0.0,10.0,71.0,81.90495
12.0,0.0,2.0,0.0,11.0,67.0,81.17865
12.0,0.0,2.0,0.0,12.0,82.0,80.548294
12.0,0.0,2.0,0.0,13.0,84.0,80.198395
12.0,0.0,2.0,0.0,14.0,84.0,79.903534
12.0,0.0,2.0,0.0,15.0,85.0,79.51582
12.0,0.0,2.0,0.0,16.0,76.0,79.335205
12.0,0.0,2.0,0.0,17.0,53.0,79.12315
12.0,0.0,2.0,0.0,18.0,64.0,78.90968
12.0,0.0,2.0,0.0,19.0,90.0,78.78705
12.0,0.0,2.0,0.0,20.0,93.0,78.63312
12.0,0.0,2.0,0.0,21.0,94.0,78.509445
12.0,0.0,2.0,0.0,22.0,92.0,78.44745
12.0,0.0,2.0,0.0,23.0,95.0,78.32308
12.0,0.0,3.0,0.0,0.0,96.0,88.60859
12.0,0.0,3.0,0.0,1.0,94.0,88.53173
12.0,0.0,3.0,0.0,2.0,90.0,88.29857
12.0,0.0,3.0,0.0,3.0,85.0,87.981544
12.0,0.0,3.0,0.0,4.0,84.0,87.32617
12.0,0.0,3.0,0.0,5.0,93.0,86.10938
12.0,0.0,3.0,0.0,6.0,81.0,85.089455
12.0,0.0,3.0,0.0,7.0,65.0,84.11255
12.0,0.0,3.0,0.0,8.0,33.0,83.19241
12.0,0.0,3.0,0.0,9.0,72.0,82.341805
12.0,0.0,3.0,0.0,10.0,74.0,81.57225
12.0,0.0,3.0,0.0,11.0,65.0,80.951096
12.0,0.0,3.0,0.0,12.0,85.0,80.43213
12.0,0.0,3.0,0.0,13.0,87.0,79.962746
12.0,0.0,3.0,0.0,14.0,86.0,79.60574
12.0,0.0,3.0,0.0,15.0,87.0,79.425644
12.0,0.0,3.0,0.0,16.0,77.0,79.18388
12.0,0.0,3.0,0.0,17.0,41.0,78.97081
12.0,0.0,3.0,0.0,18.0,55.0,78.81775
12.0,0.0,3.0,0.0,19.0,91.0,78.72556
12.0,0.0,3.0,0.0,20.0,94.0,78.571335
12.0,0.0,3.0,0.0,21.0,94.0,78.44745
12.0,0.0,3.0,0.0,22.0,88.0,78.38532
12.0,0.0,3.0,0.0,23.0,95.0,78.260735
12.0,1.0,0.0,0.0,0.0,96.0,87.901184
12.0,1.0,0.0,0.0,1.0,95.0,87.981544
12.0,1.0,0.0,0.0,2.0,92.0,87.901184
12.0,1.0,0.0,0.0,3.0,91.0,87.575294
12.0,1.0,0.0,0.0,4.0,88.0,86.944855
12.0,1.0,0.0,0.0,5.0,94.0,86.019005
12.0,1.0,0.0,0.0,6.0,92.0,85.23189
12.0,1.0,0.0,0.0,7.0,91.0,84.801384
12.0,1.0,0.0,0.0,8.0,94.0,84.26212
12.0,1.0,0.0,0.0,9.0,89.0,83.759346
12.0,1.0,0.0,0.0,10.0,85.0,82.92991
12.0,1.0,0.0,0.0,11.0,89.0,82.28762
12.0,1.0,0.0,0.0,12.0,86.0,81.628006
12.0,1.0,0.0,0.0,13.0,78.0,81.03666
12.0,1.0,0.0,0.0,14.0,89.0,80.66398
12.0,1.0,0.0,0.0,15.0,78.0,80.31549
12.0,1.0,0.0,0.0,16.0,72.0,79.962746
12.0,1.0,0.0,0.0,17.0,55.0,79.755005
12.0,1.0,0.0,0.0,18.0,78.0,79.54582
12.0,1.0,0.0,0.0,19.0,89.0,79.425644
12.0,1.0,0.0,0.0,20.0,94.0,79.24451
12.0,1.0,0.0,0.0,21.0,95.0,79.06231
12.0,1.0,0.0,0.0,22.0,95.0,78.90968
12.0,1.0,0.0,0.0,23.0,97.0,78.78705
12.0,1.0,1.0,0.0,0.0,98.0,88.25932
12.0,1.0,1.0,0.0,1.0,99.0,88.29857
12.0,1.0,1.0,0.0,2.0,87.0,88.10125
12.0,1.0,1.0,0.0,3.0,87.0,87.860825
12.0,1.0,1.0,0.0,4.0,84.0,87.20009
12.0,1.0,1.0,0.0,5.0,96.0,86.154396
12.0,1.0,1.0,0.0,6.0,93.0,85.32626
12.0,1.0,1.0,0.0,7.0,91.0,84.60696
12.0,1.0,1.0,0.0,8.0,92.0,83.91144
12.0,1.0,1.0,0.0,9.0,83.0,83.087776
12.0,1.0,1.0,0.0,10.0,67.0,82.395874
12.0,1.0,1.0,0.0,11.0,76.0,81.57225
12.0,1.0,1.0,0.0,12.0,68.0,80.951096
12.0,1.0,1.0,0.0,13.0,59.0,80.43213
12.0,1.0,1.0,0.0,14.0,82.0,80.139656
12.0,1.0,1.0,0.0,15.0,61.0,79.814514
12.0,1.0,1.0,0.0,16.0,41.0,79.57579
12.0,1.0,1.0,0.0,17.0,26.0,79.305
12.0,1.0,1.0,0.0,18.0,44.0,79.06231
12.0,1.0,1.0,0.0,19.0,75.0,79.00134
12.0,1.0,1.0,0.0,20.0,95.0,78.87906
12.0,1.0,1.0,0.0,21.0,96.0,78.69478
12.0,1.0,1.0,0.0,22.0,97.0,78.60224
12.0,1.0,1.0,0.0,23.0,99.0,78.44745
12.0,1.0,2.0,0.0,0.0,100.0,88.49314
12.0,1.0,2.0,0.0,1.0,99.0,88.49314
12.0,1.0,2.0,0.0,2.0,92.0,88.21996
12.0,1.0,2.0,0.0,3.0,91.0,87.860825
12.0,1.0,2.0,0.0,4.0,89.0,87.40966
12.0,1.0,2.0,0.0,5.0,98.0,86.377716
12.0,1.0,2.0,0.0,6.0,96.0,85.32626
12.0,1.0,2.0,0.0,7.0,93.0,84.459885
12.0,1.0,2.0,0.0,8.0,95.0,83.55486
12.0,1.0,2.0,0.0,9.0,87.0,82.71774
12.0,1.0,2.0,0.0,10.0,61.0,81.84981
12.0,1.0,2.0,0.0,11.0,44.0,81.17865
12.0,1.0,2.0,0.0,12.0,40.0,80.66398
12.0,1.0,2.0,0.0,13.0,33.0,80.198395
12.0,1.0,2.0,0.0,14.0,48.0,79.84422
12.0,1.0,2.0,0.0,15.0,42.0,79.54582
12.0,1.0,2.0,0.0,16.0,28.0,79.335205
12.0,1.0,2.0,0.0,17.0,22.0,79.12315
12.0,1.0,2.0,0.0,18.0,26.0,79.00134
12.0,1.0,2.0,0.0,19.0,83.0,78.87906
12.0,1.0,2.0,0.0,20.0,97.0,78.69478
12.0,1.0,2.0,0.0,21.0,98.0,78.540405
12.0,1.0,2.0,0.0,22.0,99.0,78.38532
12.0,1.0,2.0,0.0,23.0,100.0,78.32308
12.0,1.0,3.0,0.0,0.0,100.0,88.57022
12.0,1.0,3.0,0.0,1.0,100.0,88.49314
12.0,1.0,3.0,0.0,2.0,97.0,88.21996
12.0,1.0,3.0,0.0,3.0,94.0,87.82037
12.0,1.0,3.0,0.0,4.0,94.0,87.45124
12.0,1.0,3.0,0.0,5.0,98.0,86.377716
12.0,1.0,3.0,0.0,6.0,98.0,85.32626
12.0,1.0,3.0,0.0,7.0,96.0,84.311745
12.0,1.0,3.0,0.0,8.0,97.0,83.29657
12.0,1.0,3.0,0.0,9.0,93.0,82.44982
12.0,1.0,3.0,0.0,10.0,60.0,81.68364
12.0,1.0,3.0,0.0,11.0,32.0,81.00817
12.0,1.0,3.0,0.0,12.0,29.0,80.548294
12.0,1.0,3.0,0.0,13.0,23.0,80.0808
12.0,1.0,3.0,0.0,14.0,36.0,79.72521
12.0,1.0,3.0,0.0,15.0,32.0,79.425644
12.0,1.0,3.0,0.0,16.0,21.0,79.24451
12.0,1.0,3.0,0.0,17.0,19.0,79.031845
12.0,1.0,3.0,0.0,18.0,20.0,78.94026
12.0,1.0,3.0,0.0,19.0,96.0,78.72556
12.0,1.0,3.0,0.0,20.0,99.0,78.571335
12.0,1.0,3.0,0.0,21.0,99.0,78.44745
12.0,1.0,3.0,0.0,22.0,100.0,78.38532
12.0,1.0,3.0,0.0,23.0,100.0,78.32308
